brightness_mean,brightness_std,contrast,edge_density,color_variance,histogram_entropy,black_pixel_ratio,white_pixel_ratio,bw_ratio,texture_variance,horizontal_symmetry,vertical_symmetry,filepath,label
152.18042366691014,125.08847543887416,255,0.15991234477720964,125.08847543887414,0.97279966,0.40321402483564645,0.5967859751643535,0.6756425947460276,11481.258582907232,0.6756756756756757,0.6742147552958364,master_dataset/kaggle/malicious/malicious_323437.png,malicious
150.78524687685902,125.35568306975048,255,0.16273646638905415,125.35568306975047,0.97580504,0.4086853063652588,0.5913146936347412,0.6911468811708433,11672.780487804877,0.6680547293277811,0.6728138013087448,master_dataset/kaggle/malicious/malicious_375090.png,malicious
151.24033313503867,125.27029409495846,255,0.16644854253420582,125.27029409495846,0.97484434,0.40690065437239736,0.5930993456276026,0.6860581744078973,12031.75252825699,0.6609161213563355,0.6632956573468174,master_dataset/kaggle/malicious/malicious_345079.png,malicious
150.02676977989293,125.49420163212204,255,0.16773349196906603,125.49420163212204,0.9773638,0.4116597263533611,0.5883402736466389,0.6996966631773317,12082.813206424747,0.6704342653182629,0.6775728732897085,master_dataset/kaggle/malicious/malicious_411560.png,malicious
149.1165972635336,125.65417908985832,255,0.16711481261154074,125.65417908985832,0.9791647,0.41522903033908387,0.5847709696609161,0.7100712104584304,12101.380725758478,0.6716240333135038,0.65377751338489,master_dataset/kaggle/malicious/malicious_409498.png,malicious
151.08863771564546,125.29894720515422,255,0.166424747174301,125.29894720515422,0.9751667,0.40749553837001784,0.5925044616299822,0.687751003899989,12028.657941701369,0.6716240333135038,0.6977989292088043,master_dataset/kaggle/benign/benign_7844.png,benign
148.2064247471743,125.80736852104334,255,0.1674479476502082,125.80736852104333,0.9808901,0.4187983343248067,0.5812016656751934,0.7205731830899402,12095.191552647233,0.6502082093991671,0.6513979773944081,master_dataset/kaggle/benign/benign_22343.png,benign
153.0606781677573,124.91157565095531,255,0.1646162998215348,124.9115756509553,0.97081125,0.3997620464009518,0.6002379535990482,0.666005946370708,11887.854253420583,0.6502082093991671,0.6466389054134444,master_dataset/kaggle/malicious/malicious_341805.png,malicious
145.47590719809637,126.2264503200713,255,0.16709101725163594,126.2264503200713,0.9856136,0.42950624628197503,0.570493753718025,0.7528675702538509,12090.5496728138,0.6490184414039263,0.6513979773944081,master_dataset/kaggle/malicious/malicious_335673.png,malicious
148.2064247471743,125.80736852104333,255,0.16621058893515764,125.80736852104333,0.9808901,0.4187983343248067,0.5812016656751934,0.7205731830899402,12011.63771564545,0.6751933372992267,0.6442593694229625,master_dataset/kaggle/malicious/malicious_400642.png,malicious
147.59964306960143,125.90573596335722,255,0.16390243902439025,125.90573596335723,0.9819983,0.4211778703152885,0.5788221296847115,0.7276464541394477,11764.070791195716,0.6454491374182034,0.6418798334324807,master_dataset/kaggle/malicious/malicious_343436.png,malicious
150.02676977989293,125.49420163212204,255,0.16640095181439618,125.49420163212204,0.9773638,0.4116597263533611,0.5883402736466389,0.6996966631773317,11988.428316478286,0.6811421772754312,0.6704342653182629,master_dataset/kaggle/malicious/malicious_379226.png,malicious
146.3860797144557,126.09348116781939,255,0.165901249256395,126.09348116781939,0.9841143,0.42593694229625223,0.5740630577037478,0.7419689117878497,11994.61748958953,0.6775728732897085,0.6561570493753718,master_dataset/kaggle/malicious/malicious_378707.png,malicious
144.8691255205235,126.31137509603916,255,0.16556811421772755,126.31137509603916,0.98657143,0.4318857822724569,0.5681142177275431,0.7602094239499569,11909.516359309935,0.6894705532421178,0.6549672813801308,master_dataset/kaggle/benign/benign_72320.png,benign
151.24033313503867,125.27029409495844,255,0.16992266508030934,125.27029409495844,0.97484434,0.40690065437239736,0.5930993456276026,0.6860581744078973,12328.832837596668,0.6751933372992267,0.6835217132659132,master_dataset/kaggle/benign/benign_36055.png,benign
150.02676977989293,125.49420163212203,255,0.16763831052944675,125.49420163212203,0.9773638,0.4116597263533611,0.5883402736466389,0.6996966631773317,12133.873884592504,0.6704342653182629,0.6799524092801904,master_dataset/kaggle/malicious/malicious_325983.png,malicious
150.33016061867934,125.43936290545047,255,0.16259369422962522,125.43936290545047,0.97674656,0.41046995835812017,0.5895300416418798,0.6962663974600986,11678.969660916122,0.6882807852468769,0.6954193932183225,master_dataset/kaggle/benign/benign_40156.png,benign
150.69028487947406,125.37328538093287,255,0.15991234477720964,125.37328538093287,0.97600305,0.40905770635500366,0.5909422936449964,0.6922126080410829,11435.660336011688,0.672753834915997,0.6829802775748721,master_dataset/kaggle/malicious/malicious_384756.png,malicious
148.2064247471743,125.80736852104333,255,0.16259369422962522,125.80736852104333,0.9808901,0.4187983343248067,0.5812016656751934,0.7205731830899402,11728.483045806068,0.6442593694229625,0.6597263533610946,master_dataset/kaggle/malicious/malicious_340678.png,malicious
150.93694229625223,125.32741015357391,255,0.16625817965496728,125.32741015357391,0.9754869,0.4080904223676383,0.5919095776323617,0.689447236064426,11971.408090422368,0.6632956573468174,0.65377751338489,master_dataset/kaggle/benign/benign_51766.png,benign
153.36406900654373,124.84910866491899,255,0.16751933372992267,124.849108664919,0.97010934,0.3985722784057109,0.6014277215942891,0.6627101878225503,12129.232004759073,0.6561570493753718,0.6597263533610946,master_dataset/kaggle/benign/benign_91164.png,benign
147.59964306960143,125.90573596335723,255,0.16837596668649613,125.90573596335723,0.9819983,0.4211778703152885,0.5788221296847115,0.7276464541394477,12203.502082093992,0.6680547293277811,0.7001784651992862,master_dataset/kaggle/benign/benign_48790.png,benign
147.90303390838787,125.85692753016488,255,0.16799524092801904,125.8569275301649,0.9814483,0.4199881023200476,0.5800118976799524,0.7241025639777213,12102.928019036288,0.6704342653182629,0.6573468173706127,master_dataset/kaggle/benign/benign_5217.png,benign
147.7100073046019,125.88806776159501,255,0.1635354273192111,125.888067761595,0.98179924,0.42074506939371803,0.579254930606282,0.7263556114761184,11787.146822498175,0.6639883126369612,0.6683710737764792,master_dataset/kaggle/malicious/malicious_385283.png,malicious
148.50981558596075,125.75705804861975,255,0.16085663295657346,125.75705804861975,0.9803234,0.4176085663295657,0.5823914336704342,0.7170582225530772,11531.976799524093,0.6632956573468174,0.6680547293277811,master_dataset/kaggle/malicious/malicious_411522.png,malicious
146.08268887566925,126.13854951659339,255,0.1666627007733492,126.13854951659339,0.98462236,0.4271267102914932,0.5728732897085068,0.7455867080733821,12024.016061867937,0.637120761451517,0.6347412254610351,master_dataset/kaggle/benign/benign_16561.png,benign
150.63355145746579,125.38376608223562,255,0.16107079119571682,125.38376608223562,0.97612095,0.4092801903628792,0.5907198096371208,0.6928499495302436,11528.88221296847,0.6585365853658537,0.65377751338489,master_dataset/kaggle/benign/benign_28039.png,benign
148.50981558596075,125.75705804861977,255,0.16732897085068413,125.75705804861975,0.9803234,0.4176085663295657,0.5823914336704342,0.7170582225530772,12101.380725758478,0.6740035693039858,0.6180844735276622,master_dataset/kaggle/malicious/malicious_370046.png,malicious
152.15050565139796,125.09437465821713,255,0.16713860797144556,125.09437465821713,0.972866,0.4033313503866746,0.5966686496133254,0.6759720836354627,12112.211778703153,0.6644854253420583,0.669244497323022,master_dataset/kaggle/malicious/malicious_405366.png,malicious
153.97085068411658,124.7218668239824,255,0.1675669244497323,124.7218668239824,0.96867985,0.396192742415229,0.6038072575847709,0.6561576353593103,12172.556216537776,0.6573468173706127,0.6585365853658537,master_dataset/kaggle/malicious/malicious_391195.png,malicious
146.3860797144557,126.09348116781939,255,0.16632956573468174,126.09348116781939,0.9841143,0.42593694229625223,0.5740630577037478,0.7419689117878497,12017.826888756692,0.6728138013087448,0.6490184414039263,master_dataset/kaggle/benign/benign_22335.png,benign
147.29625223081499,125.95379469318878,255,0.16763831052944675,125.95379469318878,0.9825399,0.4223676383105294,0.5776323616894705,0.731204943230777,12058.056513979775,0.6787626412849495,0.6644854253420583,master_dataset/kaggle/benign/benign_36858.png,benign
146.3860797144557,126.09348116781939,255,0.16823319452706723,126.09348116781939,0.9841143,0.42593694229625223,0.5740630577037478,0.7419689117878497,12132.326591314693,0.6977989292088043,0.6549672813801308,master_dataset/kaggle/benign/benign_62856.png,benign
147.29625223081499,125.95379469318877,255,0.16816180844735276,125.95379469318875,0.9825399,0.4223676383105294,0.5776323616894705,0.731204943230777,12152.441403926234,0.6704342653182629,0.6609161213563355,master_dataset/kaggle/benign/benign_60081.png,benign
150.33016061867934,125.43936290545045,255,0.1697323022010708,125.43936290545044,0.97674656,0.41046995835812017,0.5895300416418798,0.6962663974600986,12273.130279595478,0.6442593694229625,0.6478286734086853,master_dataset/kaggle/benign/benign_6588.png,benign
151.24033313503867,125.27029409495846,255,0.166424747174301,125.27029409495846,0.97484434,0.40690065437239736,0.5930993456276026,0.6860581744078973,12016.279595478882,0.6490184414039263,0.6513979773944081,master_dataset/kaggle/benign/benign_59595.png,benign
149.1165972635336,125.65417908985833,255,0.16430696014277216,125.65417908985835,0.9791647,0.41522903033908387,0.5847709696609161,0.7100712104584304,11810.489589530041,0.6728138013087448,0.6823319452706722,master_dataset/kaggle/benign/benign_88693.png,benign
150.33016061867934,125.43936290545044,255,0.16632956573468174,125.43936290545044,0.97674656,0.41046995835812017,0.5895300416418798,0.6962663974600986,12025.563355145747,0.6430696014277216,0.6418798334324807,master_dataset/kaggle/benign/benign_16326.png,benign
147.59964306960143,125.90573596335722,255,0.17008923259964306,125.90573596335723,0.9819983,0.4211778703152885,0.5788221296847115,0.7276464541394477,12319.549077929803,0.6609161213563355,0.6513979773944081,master_dataset/kaggle/benign/benign_5873.png,benign
150.33016061867934,125.43936290545045,255,0.1689708506841166,125.43936290545044,0.97674656,0.41046995835812017,0.5895300416418798,0.6962663974600986,12243.731707317073,0.6561570493753718,0.6751933372992267,master_dataset/kaggle/benign/benign_92251.png,benign
154.42593694229626,124.62441141196811,255,0.16437834622248662,124.6244114119681,0.96758544,0.39440809042236763,0.6055919095776323,0.651277013644912,11869.286734086852,0.6621058893515764,0.669244497323022,master_dataset/kaggle/malicious/malicious_377930.png,malicious
151.5437239738251,125.21241686618188,255,0.16792385484830458,125.21241686618187,0.97419333,0.40571088637715647,0.5942891136228435,0.6826826825678088,12143.157644259369,0.6454491374182034,0.6656751933372992,master_dataset/kaggle/benign/benign_61106.png,benign
151.5437239738251,125.21241686618188,255,0.16968471148126116,125.21241686618187,0.97419333,0.40571088637715647,0.5942891136228435,0.6826826825678088,12310.265318262938,0.6716240333135038,0.6490184414039263,master_dataset/kaggle/benign/benign_77119.png,benign
150.93694229625223,125.32741015357392,255,0.17123140987507435,125.32741015357392,0.9754869,0.4080904223676383,0.5919095776323617,0.689447236064426,12420.123140987507,0.6323616894705533,0.6632956573468174,master_dataset/kaggle/benign/benign_25289.png,benign
155.4878048780488,124.39024390243904,255,0.16361689470553242,124.39024390243905,0.96495676,0.3902439024390244,0.6097560975609756,0.63999999989504,11833.698988697204,0.6513979773944081,0.6311719214753123,master_dataset/kaggle/benign/benign_34645.png,benign
148.50981558596075,125.75705804861977,255,0.16378346222486614,125.75705804861975,0.9803234,0.4176085663295657,0.5823914336704342,0.7170582225530772,11764.070791195716,0.6585365853658537,0.6418798334324807,master_dataset/kaggle/malicious/malicious_392094.png,malicious
147.29625223081499,125.95379469318878,255,0.17239738251041048,125.95379469318878,0.9825399,0.4223676383105294,0.5776323616894705,0.731204943230777,12577.947055324212,0.6704342653182629,0.6894705532421178,master_dataset/kaggle/benign/benign_27189.png,benign
147.59964306960143,125.90573596335723,255,0.16782867340868532,125.90573596335723,0.9819983,0.4211778703152885,0.5788221296847115,0.7276464541394477,12106.02260559191,0.6621058893515764,0.6478286734086853,master_dataset/kaggle/malicious/malicious_345136.png,malicious
149.7233789411065,125.54828325564625,255,0.1702795954788816,125.54828325564625,0.9779725,0.412849494348602,0.5871505056513979,0.7031408306806506,12348.947650208209,0.6680547293277811,0.6335514574657942,master_dataset/kaggle/benign/benign_19004.png,benign
151.5437239738251,125.21241686618188,255,0.16444973230220106,125.21241686618187,0.97419333,0.40571088637715647,0.5942891136228435,0.6826826825678088,11892.496133254015,0.6597263533610946,0.6383105294467579,master_dataset/kaggle/malicious/malicious_385495.png,malicious
152.4538964901844,125.03420751921117,255,0.16428316478286734,125.03420751921117,0.97218955,0.40214158239143366,0.5978584176085663,0.6726368158078904,11825.96252230815,0.6490184414039263,0.6561570493753718,master_dataset/kaggle/malicious/malicious_332348.png,malicious
152.15050565139796,125.09437465821713,255,0.1633313503866746,125.09437465821713,0.972866,0.4033313503866746,0.5966686496133254,0.6759720836354627,11812.036882807852,0.6775728732897085,0.6347412254610351,master_dataset/kaggle/malicious/malicious_391074.png,malicious
150.33016061867934,125.43936290545045,255,0.17066032123735872,125.43936290545044,0.97674656,0.41046995835812017,0.5895300416418798,0.6962663974600986,12466.541939321833,0.635930993456276,0.6502082093991671,master_dataset/kaggle/benign/benign_58046.png,benign
149.1165972635336,125.65417908985832,255,0.16697204045211184,125.65417908985832,0.9791647,0.41522903033908387,0.5847709696609161,0.7100712104584304,12034.847114812612,0.65377751338489,0.6882807852468769,master_dataset/kaggle/benign/benign_3631.png,benign
147.90303390838787,125.85692753016488,255,0.16392623438429507,125.8569275301649,0.9814483,0.4199881023200476,0.5800118976799524,0.7241025639777213,11829.057108863772,0.6585365853658537,0.669244497323022,master_dataset/kaggle/malicious/malicious_356685.png,malicious
150.63355145746579,125.38376608223562,255,0.16697204045211184,125.38376608223562,0.97612095,0.4092801903628792,0.5907198096371208,0.6928499495302436,12082.813206424747,0.6609161213563355,0.6668649613325401,master_dataset/kaggle/malicious/malicious_339036.png,malicious
146.99286139202854,126.00110457750425,255,0.16732897085068413,126.00110457750425,0.983073,0.4235574063057704,0.5764425936942297,0.7347781216475581,12102.928019036288,0.6418798334324807,0.6716240333135038,master_dataset/kaggle/benign/benign_72223.png,benign
150.02676977989293,125.49420163212203,255,0.16694824509220701,125.49420163212203,0.9773638,0.4116597263533611,0.5883402736466389,0.6996966631773317,12089.00237953599,0.669244497323022,0.6763831052944675,master_dataset/kaggle/malicious/malicious_358114.png,malicious
145.47590719809637,126.2264503200713,255,0.16468768590124927,126.2264503200713,0.9856136,0.42950624628197503,0.570493753718025,0.7528675702538509,11787.280190362879,0.6870910172516359,0.6680547293277811,master_dataset/kaggle/benign/benign_60306.png,benign
153.36406900654373,124.84910866491897,255,0.1638310529446758,124.84910866491897,0.97010934,0.3985722784057109,0.6014277215942891,0.6627101878225503,11768.712671029149,0.6513979773944081,0.6597263533610946,master_dataset/kaggle/malicious/malicious_364213.png,malicious
148.66151100535396,125.73162073229743,255,0.1667816775728733,125.73162073229743,0.98003685,0.41701368233194525,0.5829863176680548,0.7153061223262827,12092.096966091613,0.6644854253420583,0.6609161213563355,master_dataset/kaggle/malicious/malicious_386705.png,malicious
147.29625223081499,125.95379469318877,255,0.16392623438429507,125.95379469318875,0.9825399,0.4223676383105294,0.5776323616894705,0.731204943230777,11818.226055919096,0.6775728732897085,0.6621058893515764,master_dataset/kaggle/benign/benign_80999.png,benign
149.26829268292684,125.6279882576746,255,0.16623438429506246,125.6279882576746,0.9788698,0.4146341463414634,0.5853658536585366,0.7083333332123264,11972.955383700179,0.6502082093991671,0.6573468173706127,master_dataset/kaggle/benign/benign_50334.png,benign
151.24033313503867,125.27029409495846,255,0.16523497917906008,125.27029409495846,0.97484434,0.40690065437239736,0.5930993456276026,0.6860581744078973,11889.401546698395,0.6621058893515764,0.6549672813801308,master_dataset/kaggle/malicious/malicious_413696.png,malicious
147.90303390838787,125.8569275301649,255,0.16464009518143963,125.8569275301649,0.9814483,0.4199881023200476,0.5800118976799524,0.7241025639777213,11861.5502676978,0.6478286734086853,0.6585365853658537,master_dataset/kaggle/malicious/malicious_333013.png,malicious
146.08268887566925,126.13854951659337,255,0.1683045806067817,126.13854951659339,0.98462236,0.4271267102914932,0.5728732897085068,0.7455867080733821,12195.765615704937,0.6561570493753718,0.6609161213563355,master_dataset/kaggle/malicious/malicious_357999.png,malicious
146.68947055324213,126.04766645950355,255,0.17173111243307554,126.04766645950355,0.9835979,0.4247471743010113,0.5752528256989887,0.7383660805334856,12492.845925044616,0.6454491374182034,0.637120761451517,master_dataset/kaggle/benign/benign_30590.png,benign
148.50981558596075,125.75705804861975,255,0.16573468173706127,125.75705804861975,0.9803234,0.4176085663295657,0.5823914336704342,0.7170582225530772,11966.766210588936,0.6632956573468174,0.6573468173706127,master_dataset/kaggle/benign/benign_55954.png,benign
148.50981558596075,125.75705804861975,255,0.1679476502082094,125.75705804861975,0.9803234,0.4176085663295657,0.5823914336704342,0.7170582225530772,12140.063057703748,0.6466389054134444,0.6621058893515764,master_dataset/kaggle/benign/benign_42907.png,benign
149.1165972635336,125.65417908985833,255,0.17066032123735872,125.65417908985835,0.9791647,0.41522903033908387,0.5847709696609161,0.7100712104584304,12441.78524687686,0.6383105294467579,0.6549672813801308,master_dataset/kaggle/malicious/malicious_414558.png,malicious
146.68947055324213,126.04766645950355,255,0.1648780487804878,126.04766645950355,0.9835979,0.4247471743010113,0.5752528256989887,0.7383660805334856,11881.66508030934,0.6502082093991671,0.6561570493753718,master_dataset/kaggle/benign/benign_41741.png,benign
148.50981558596075,125.75705804861975,255,0.16878048780487806,125.75705804861975,0.9803234,0.4176085663295657,0.5823914336704342,0.7170582225530772,12215.880428316479,0.6632956573468174,0.669244497323022,master_dataset/kaggle/malicious/malicious_342841.png,malicious
148.50981558596075,125.75705804861975,255,0.1669244497323022,125.75705804861975,0.9803234,0.4176085663295657,0.5823914336704342,0.7170582225530772,12016.279595478882,0.6751933372992267,0.669244497323022,master_dataset/kaggle/benign/benign_62977.png,benign
150.48185603807258,125.41165931860286,255,0.1669244497323022,125.41165931860286,0.9764349,0.4098750743604997,0.5901249256395003,0.6945564514952067,12051.86734086853,0.6644854253420583,0.6644854253420583,master_dataset/kaggle/benign/benign_35662.png,benign
153.2123735871505,124.8804381979612,255,0.16711481261154074,124.8804381979612,0.97046137,0.39916716240333133,0.6008328375966686,0.6643564355329917,12070.43486020226,0.65377751338489,0.7049375371802499,master_dataset/kaggle/benign/benign_9268.png,benign
146.68947055324213,126.04766645950355,255,0.16697204045211184,126.04766645950355,0.9835979,0.4247471743010113,0.5752528256989887,0.7383660805334856,11994.61748958953,0.6716240333135038,0.6454491374182034,master_dataset/kaggle/benign/benign_81604.png,benign
146.99286139202854,126.00110457750425,255,0.16985127900059488,126.00110457750425,0.983073,0.4235574063057704,0.5764425936942297,0.7347781216475581,12319.549077929803,0.6430696014277216,0.6442593694229625,master_dataset/kaggle/benign/benign_45950.png,benign
152.15050565139796,125.09437465821713,255,0.16694824509220701,125.09437465821713,0.972866,0.4033313503866746,0.5966686496133254,0.6759720836354627,12119.948245092208,0.6787626412849495,0.6632956573468174,master_dataset/kaggle/benign/benign_42177.png,benign
158.37001784651991,123.70647516664413,255,0.16349791790600832,123.70647516664413,0.95729077,0.37894110648423557,0.6210588935157644,0.6101532566067368,11808.942296252231,0.6632956573468174,0.6573468173706127,master_dataset/kaggle/malicious/malicious_398898.png,malicious
147.90303390838787,125.85692753016488,255,0.16694824509220701,125.8569275301649,0.9814483,0.4199881023200476,0.5800118976799524,0.7241025639777213,12076.624033313505,0.6347412254610351,0.6656751933372992,master_dataset/kaggle/benign/benign_41886.png,benign
147.90303390838787,125.85692753016488,255,0.16185603807257584,125.8569275301649,0.9814483,0.4199881023200476,0.5800118976799524,0.7241025639777213,11637.192742415229,0.6680547293277811,0.6585365853658537,master_dataset/kaggle/malicious/malicious_354247.png,malicious
147.29625223081499,125.95379469318877,255,0.16880428316478288,125.95379469318875,0.9825399,0.4223676383105294,0.5776323616894705,0.731204943230777,12181.83997620464,0.6740035693039858,0.6442593694229625,master_dataset/kaggle/malicious/malicious_344775.png,malicious
147.59964306960143,125.90573596335722,255,0.16697204045211184,125.90573596335723,0.9819983,0.4211778703152885,0.5788221296847115,0.7276464541394477,12044.130874479477,0.6740035693039858,0.6835217132659132,master_dataset/kaggle/benign/benign_14967.png,benign
150.33016061867934,125.43936290545045,255,0.16828078524687687,125.43936290545044,0.97674656,0.41046995835812017,0.5895300416418798,0.6962663974600986,12177.198096371209,0.6751933372992267,0.6323616894705533,master_dataset/kaggle/benign/benign_39189.png,benign
147.90303390838787,125.85692753016488,255,0.1642355740630577,125.8569275301649,0.9814483,0.4199881023200476,0.5800118976799524,0.7241025639777213,11788.82748364069,0.6751933372992267,0.6490184414039263,master_dataset/kaggle/benign/benign_47194.png,benign
145.7792980368828,126.18287230555032,255,0.16518738845925043,126.18287230555033,0.98512214,0.4283164782867341,0.5716835217132659,0.7492195628242,11914.158239143368,0.6632956573468174,0.6751933372992267,master_dataset/kaggle/malicious/malicious_392841.png,malicious
153.0606781677573,124.91157565095533,255,0.16104699583581203,124.91157565095533,0.97081125,0.3997620464009518,0.6002379535990482,0.666005946370708,11552.091612135633,0.6561570493753718,0.6656751933372992,master_dataset/kaggle/benign/benign_50177.png,benign
146.08268887566925,126.13854951659339,255,0.16732897085068413,126.13854951659339,0.98462236,0.4271267102914932,0.5728732897085068,0.7455867080733821,12112.211778703153,0.6418798334324807,0.637120761451517,master_dataset/kaggle/benign/benign_42560.png,benign
154.27424152290303,124.65708961335996,255,0.16737656157049374,124.65708961335996,0.9679524,0.3950029744199881,0.6049970255800119,0.6529006881910004,12116.853658536585,0.6502082093991671,0.6549672813801308,master_dataset/kaggle/benign/benign_53162.png,benign
148.81320642474716,125.7059952106347,255,0.16352171326591314,125.7059952106347,0.97974825,0.4164187983343248,0.5835812016656752,0.7135575941692671,11743.955978584176,0.6466389054134444,0.6335514574657942,master_dataset/kaggle/malicious/malicious_347311.png,malicious
145.930993456276,126.16080405662733,255,0.16518738845925043,126.16080405662733,0.9848733,0.4277215942891136,0.5722784057108864,0.7474012472706464,11901.77989292088,0.6716240333135038,0.6585365853658537,master_dataset/kaggle/benign/benign_13348.png,benign
147.59964306960143,125.90573596335723,255,0.1655205234979179,125.90573596335723,0.9819983,0.4211778703152885,0.5788221296847115,0.7276464541394477,11903.32718619869,0.6644854253420583,0.6573468173706127,master_dataset/kaggle/malicious/malicious_333528.png,malicious
148.2064247471743,125.80736852104332,255,0.1705413444378346,125.80736852104332,0.9808901,0.4187983343248067,0.5812016656751934,0.7205731830899402,12339.663890541344,0.6775728732897085,0.6549672813801308,master_dataset/kaggle/benign/benign_50499.png,benign
151.24033313503867,125.27029409495846,255,0.17158834027364664,125.27029409495846,0.97484434,0.40690065437239736,0.5930993456276026,0.6860581744078973,12432.501487209995,0.652587745389649,0.6335514574657942,master_dataset/kaggle/malicious/malicious_378202.png,malicious
150.02676977989293,125.49420163212203,255,0.16249851279000596,125.49420163212203,0.9773638,0.4116597263533611,0.5883402736466389,0.6996966631773317,11666.591314693635,0.6585365853658537,0.6668649613325401,master_dataset/kaggle/malicious/malicious_343720.png,malicious
149.7233789411065,125.54828325564624,255,0.16694824509220701,125.54828325564624,0.9779725,0.412849494348602,0.5871505056513979,0.7031408306806506,12041.036287923855,0.6775728732897085,0.6597263533610946,master_dataset/kaggle/malicious/malicious_376827.png,malicious
148.50981558596075,125.75705804861975,255,0.1727067221891731,125.75705804861975,0.9803234,0.4176085663295657,0.5823914336704342,0.7170582225530772,12557.832242712671,0.652587745389649,0.6787626412849495,master_dataset/kaggle/benign/benign_63633.png,benign
148.82761139517896,125.70355202688678,255,0.1642074506939372,125.70355202688678,0.9797207,0.4163623082542001,0.5836376917457998,0.7133917395523612,11851.744338933528,0.6712929145361578,0.6756756756756757,master_dataset/kaggle/malicious/malicious_386064.png,malicious
150.33016061867934,125.43936290545045,255,0.16925639500297443,125.43936290545044,0.97674656,0.41046995835812017,0.5895300416418798,0.6962663974600986,12288.603212373588,0.6621058893515764,0.6418798334324807,master_dataset/kaggle/malicious/malicious_320448.png,malicious
148.82761139517896,125.70355202688678,255,0.1560555149744339,125.70355202688678,0.9797207,0.4163623082542001,0.5836376917457998,0.7133917395523612,11087.973703433163,0.6712929145361578,0.6698319941563184,master_dataset/kaggle/malicious/malicious_408668.png,malicious
148.05472932778108,125.83224190270815,255,0.1615466983938132,125.83224190270816,0.98117024,0.41939321832242715,0.5806067816775728,0.72233606544936,11610.888756692444,0.6573468173706127,0.6621058893515764,master_dataset/kaggle/malicious/malicious_316767.png,malicious
146.68947055324213,126.04766645950355,255,0.16697204045211184,126.04766645950355,0.9835979,0.4247471743010113,0.5752528256989887,0.7383660805334856,12084.360499702558,0.6573468173706127,0.6787626412849495,master_dataset/kaggle/benign/benign_66687.png,benign
151.4353542731921,125.23317777576668,255,0.16821037253469687,125.23317777576669,0.97442687,0.40613586559532505,0.5938641344046749,0.68388683875323,12256.428780131482,0.6815193571950329,0.6815193571950329,master_dataset/kaggle/malicious/malicious_402246.png,malicious
147.90303390838787,125.8569275301649,255,0.16440214158239144,125.8569275301649,0.9814483,0.4199881023200476,0.5800118976799524,0.7241025639777213,11855.361094586555,0.6609161213563355,0.6835217132659132,master_dataset/kaggle/malicious/malicious_348522.png,malicious
148.50981558596075,125.75705804861975,255,0.16266508030933968,125.75705804861975,0.9803234,0.4176085663295657,0.5823914336704342,0.7170582225530772,11737.766805472933,0.6478286734086853,0.685901249256395,master_dataset/kaggle/malicious/malicious_360419.png,malicious
149.41998810232005,125.601608754005,255,0.1680904223676383,125.601608754005,0.97857285,0.414039262343843,0.5859607376561571,0.7065989846509855,12090.5496728138,0.6490184414039263,0.6454491374182034,master_dataset/kaggle/benign/benign_31651.png,benign
150.93694229625223,125.3274101535739,255,0.16464009518143963,125.3274101535739,0.9754869,0.4080904223676383,0.5919095776323617,0.689447236064426,11904.874479476503,0.637120761451517,0.637120761451517,master_dataset/kaggle/malicious/malicious_366000.png,malicious
142.441998810232,126.62143053825852,255,0.16942296252230815,126.62143053825851,0.9900702,0.4414039262343843,0.5585960737656157,0.7902023427765357,12200.40749553837,0.6383105294467579,0.6787626412849495,master_dataset/kaggle/benign/benign_79909.png,benign
148.2064247471743,125.80736852104333,255,0.16828078524687687,125.80736852104333,0.9808901,0.4187983343248067,0.5812016656751934,0.7205731830899402,12209.691255205234,0.6728138013087448,0.6299821534800714,master_dataset/kaggle/malicious/malicious_374653.png,malicious
143.9589530041642,126.433195269307,255,0.16732897085068413,126.433195269307,0.9879457,0.43545508625817964,0.5645449137418204,0.7713382506536755,12118.400951814396,0.652587745389649,0.6644854253420583,master_dataset/kaggle/malicious/malicious_369428.png,malicious
151.39202855443187,125.24145069246927,255,0.165901249256395,125.24145069246929,0.97451997,0.40630577037477694,0.5936942296252231,0.684368737359677,11997.712076145152,0.652587745389649,0.6823319452706722,master_dataset/kaggle/benign/benign_79369.png,benign
149.1165972635336,125.65417908985833,255,0.16742415229030339,125.65417908985835,0.9791647,0.41522903033908387,0.5847709696609161,0.7100712104584304,12047.225461035097,0.6430696014277216,0.669244497323022,master_dataset/kaggle/benign/benign_83183.png,benign
147.29625223081499,125.95379469318875,255,0.16513979773944082,125.95379469318875,0.9825399,0.4223676383105294,0.5776323616894705,0.731204943230777,11914.158239143368,0.6502082093991671,0.652587745389649,master_dataset/kaggle/benign/benign_58112.png,benign
147.29625223081499,125.95379469318878,255,0.16402141582391433,125.95379469318878,0.9825399,0.4223676383105294,0.5776323616894705,0.731204943230777,11805.847709696609,0.6549672813801308,0.6680547293277811,master_dataset/kaggle/benign/benign_41481.png,benign
146.99286139202854,126.00110457750426,255,0.166686496133254,126.00110457750425,0.983073,0.4235574063057704,0.5764425936942297,0.7347781216475581,12028.657941701369,0.6335514574657942,0.6490184414039263,master_dataset/kaggle/benign/benign_21328.png,benign
147.59964306960143,125.90573596335722,255,0.16682926829268294,125.90573596335723,0.9819983,0.4211778703152885,0.5788221296847115,0.7276464541394477,11991.522903033909,0.6632956573468174,0.6609161213563355,master_dataset/kaggle/benign/benign_18435.png,benign
146.68947055324213,126.04766645950355,255,0.17056513979773943,126.04766645950355,0.9835979,0.4247471743010113,0.5752528256989887,0.7383660805334856,12396.913741820345,0.6656751933372992,0.669244497323022,master_dataset/kaggle/malicious/malicious_358612.png,malicious
150.02676977989293,125.49420163212203,255,0.16975609756097562,125.49420163212203,0.9773638,0.4116597263533611,0.5883402736466389,0.6996966631773317,12322.643664485426,0.6621058893515764,0.635930993456276,master_dataset/kaggle/malicious/malicious_368289.png,malicious
145.17251635930992,126.26928433126533,255,0.1660202260559191,126.26928433126533,0.9860966,0.43069601427721593,0.5693039857227841,0.7565308253634557,12050.32004759072,0.6383105294467579,0.65377751338489,master_dataset/kaggle/benign/benign_94866.png,benign
148.81320642474716,125.70599521063471,255,0.1630933967876264,125.70599521063473,0.97974825,0.4164187983343248,0.5835812016656752,0.7135575941692671,11790.374776918501,0.6644854253420583,0.6751933372992267,master_dataset/kaggle/malicious/malicious_365824.png,malicious
151.4353542731921,125.23317777576668,255,0.1579254930606282,125.23317777576669,0.97442687,0.40613586559532505,0.5938641344046749,0.68388683875323,11283.666179693208,0.6596055514974434,0.6815193571950329,master_dataset/kaggle/malicious/malicious_362247.png,malicious
150.02676977989293,125.49420163212203,255,0.1659250446162998,125.49420163212203,0.9773638,0.4116597263533611,0.5883402736466389,0.6996966631773317,11977.597263533611,0.6704342653182629,0.6597263533610946,master_dataset/kaggle/malicious/malicious_399957.png,malicious
148.81320642474716,125.7059952106347,255,0.1665199286139203,125.7059952106347,0.97974825,0.4164187983343248,0.5835812016656752,0.7135575941692671,12075.076740035693,0.652587745389649,0.6609161213563355,master_dataset/kaggle/malicious/malicious_411634.png,malicious
147.59964306960143,125.90573596335722,255,0.16323616894705534,125.90573596335723,0.9819983,0.4211778703152885,0.5788221296847115,0.7276464541394477,11825.96252230815,0.6395002974419988,0.6704342653182629,master_dataset/kaggle/malicious/malicious_414279.png,malicious
151.99415631848063,125.12508264231371,255,0.1606428049671293,125.12508264231371,0.9732113,0.4039444850255661,0.5960555149744339,0.6776960783176758,11549.655953250547,0.7107377647918188,0.6756756756756757,master_dataset/kaggle/malicious/malicious_318885.png,malicious
146.3860797144557,126.09348116781939,255,0.16706722189173112,126.09348116781939,0.9841143,0.42593694229625223,0.5740630577037478,0.7419689117878497,12093.644259369423,0.6573468173706127,0.6609161213563355,master_dataset/kaggle/benign/benign_55054.png,benign
147.59964306960143,125.9057359633572,255,0.1611421772754313,125.9057359633572,0.9819983,0.4211778703152885,0.5788221296847115,0.7276464541394477,11578.395597858418,0.6442593694229625,0.6454491374182034,master_dataset/kaggle/malicious/malicious_333477.png,malicious
146.68947055324213,126.04766645950355,255,0.17265913146936349,126.04766645950355,0.9835979,0.4247471743010113,0.5752528256989887,0.7383660805334856,12633.649613325402,0.652587745389649,0.6751933372992267,master_dataset/kaggle/benign/benign_98076.png,benign
149.41998810232005,125.60160875400499,255,0.16254610350981558,125.60160875400499,0.97857285,0.414039262343843,0.5859607376561571,0.7065989846509855,11686.706127305175,0.6668649613325401,0.6835217132659132,master_dataset/kaggle/malicious/malicious_409551.png,malicious
149.1165972635336,125.65417908985832,255,0.16356930398572278,125.65417908985832,0.9791647,0.41522903033908387,0.5847709696609161,0.7100712104584304,11706.820939916715,0.6787626412849495,0.6573468173706127,master_dataset/kaggle/malicious/malicious_397535.png,malicious
150.69028487947406,125.37328538093287,255,0.16327246165084003,125.37328538093287,0.97600305,0.40905770635500366,0.5909422936449964,0.6922126080410829,11762.44777209642,0.6829802775748721,0.6742147552958364,master_dataset/kaggle/malicious/malicious_359761.png,malicious
146.99286139202854,126.00110457750425,255,0.1619274241522903,126.00110457750425,0.983073,0.4235574063057704,0.5764425936942297,0.7347781216475581,11593.868530636526,0.6478286734086853,0.6609161213563355,master_dataset/kaggle/malicious/malicious_391905.png,malicious
146.08268887566925,126.13854951659339,255,0.16468768590124927,126.13854951659339,0.98462236,0.4271267102914932,0.5728732897085068,0.7455867080733821,11887.854253420583,0.6585365853658537,0.65377751338489,master_dataset/kaggle/malicious/malicious_324162.png,malicious
149.41998810232005,125.60160875400499,255,0.165116002379536,125.60160875400499,0.97857285,0.414039262343843,0.5859607376561571,0.7065989846509855,11815.131469363474,0.6751933372992267,0.6609161213563355,master_dataset/kaggle/malicious/malicious_331036.png,malicious
150.31775018261504,125.44162099001979,255,0.16382761139517896,125.44162099001979,0.97677207,0.41051862673484296,0.589481373265157,0.6964064435002008,11836.54492330168,0.6639883126369612,0.6946676406135865,master_dataset/kaggle/benign/benign_23290.png,benign
149.1165972635336,125.65417908985832,255,0.16425936942296251,125.65417908985832,0.9791647,0.41522903033908387,0.5847709696609161,0.7100712104584304,11795.016656751934,0.6704342653182629,0.6775728732897085,master_dataset/kaggle/malicious/malicious_409013.png,malicious
149.1165972635336,125.65417908985832,255,0.16335514574657942,125.65417908985832,0.9791647,0.41522903033908387,0.5847709696609161,0.7100712104584304,11765.618084473528,0.6549672813801308,0.6430696014277216,master_dataset/kaggle/malicious/malicious_318412.png,malicious
147.59964306960143,125.90573596335722,255,0.1687091017251636,125.90573596335723,0.9819983,0.4211778703152885,0.5788221296847115,0.7276464541394477,12234.447947650207,0.6609161213563355,0.6418798334324807,master_dataset/kaggle/malicious/malicious_371975.png,malicious
147.29625223081499,125.95379469318877,255,0.16685306365258776,125.95379469318875,0.9825399,0.4223676383105294,0.5776323616894705,0.731204943230777,12011.63771564545,0.6502082093991671,0.6335514574657942,master_dataset/kaggle/malicious/malicious_316613.png,malicious
152.92549306062818,124.93916240564424,255,0.1589189189189189,124.93916240564424,0.97112125,0.40029218407596784,0.5997078159240321,0.667478684419759,11447.059897735573,0.6800584368151936,0.6829802775748721,master_dataset/kaggle/benign/benign_23894.png,benign
151.5437239738251,125.21241686618188,255,0.1640928019036288,125.21241686618187,0.97419333,0.40571088637715647,0.5942891136228435,0.6826826825678088,11784.185603807258,0.652587745389649,0.6728138013087448,master_dataset/kaggle/malicious/malicious_381598.png,malicious
149.41998810232005,125.60160875400499,255,0.16787626412849493,125.60160875400499,0.97857285,0.414039262343843,0.5859607376561571,0.7065989846509855,12107.56989886972,0.65377751338489,0.6335514574657942,master_dataset/kaggle/malicious/malicious_334572.png,malicious
150.02676977989293,125.49420163212201,255,0.16632956573468174,125.49420163212203,0.9773638,0.4116597263533611,0.5883402736466389,0.6996966631773317,11991.522903033909,0.6454491374182034,0.6751933372992267,master_dataset/kaggle/benign/benign_36571.png,benign
144.8691255205235,126.31137509603914,255,0.16504461629982153,126.31137509603916,0.98657143,0.4318857822724569,0.5681142177275431,0.7602094239499569,11924.989292088043,0.6561570493753718,0.6597263533610946,master_dataset/kaggle/malicious/malicious_381976.png,malicious
148.50981558596075,125.75705804861975,255,0.17137418203450328,125.75705804861975,0.9803234,0.4176085663295657,0.5823914336704342,0.7170582225530772,12460.35276621059,0.6561570493753718,0.635930993456276,master_dataset/kaggle/malicious/malicious_384632.png,malicious
146.68947055324213,126.04766645950355,255,0.16868530636525877,126.04766645950355,0.9835979,0.4247471743010113,0.5752528256989887,0.7383660805334856,12198.86020226056,0.6799524092801904,0.669244497323022,master_dataset/kaggle/benign/benign_30289.png,benign
144.26234384295063,126.39332984335326,255,0.1676859012492564,126.39332984335324,0.98749596,0.43426531826293874,0.5657346817370613,0.76761303877073,12175.650803093396,0.6383105294467579,0.6763831052944675,master_dataset/kaggle/benign/benign_24432.png,benign
151.24033313503867,125.27029409495846,255,0.16504461629982153,125.27029409495846,0.97484434,0.40690065437239736,0.5930993456276026,0.6860581744078973,11920.34741225461,0.6632956573468174,0.6573468173706127,master_dataset/kaggle/benign/benign_15494.png,benign
147.59964306960143,125.90573596335722,255,0.17182629387269482,125.90573596335723,0.9819983,0.4211778703152885,0.5788221296847115,0.7276464541394477,12483.56216537775,0.635930993456276,0.6418798334324807,master_dataset/kaggle/malicious/malicious_374664.png,malicious
148.81320642474716,125.70599521063471,255,0.16149910767400358,125.70599521063473,0.97974825,0.4164187983343248,0.5835812016656752,0.7135575941692671,11590.773944080904,0.6644854253420583,0.6478286734086853,master_dataset/kaggle/malicious/malicious_331473.png,malicious
147.29625223081499,125.95379469318878,255,0.1659250446162998,125.95379469318878,0.9825399,0.4223676383105294,0.5776323616894705,0.731204943230777,11957.48245092207,0.6847114812611541,0.6740035693039858,master_dataset/kaggle/benign/benign_76627.png,benign
155.33610945865556,124.42427821854443,255,0.16737656157049374,124.42427821854443,0.96533877,0.3908387864366449,0.6091612135633552,0.6416015623946746,12124.59012492564,0.6597263533610946,0.6966091612135633,master_dataset/kaggle/benign/benign_7205.png,benign
147.59964306960143,125.90573596335723,255,0.1619274241522903,125.90573596335723,0.9819983,0.4211778703152885,0.5788221296847115,0.7276464541394477,11624.814396192742,0.6597263533610946,0.6609161213563355,master_dataset/kaggle/benign/benign_33515.png,benign
150.63355145746579,125.38376608223562,255,0.1638548483045806,125.38376608223562,0.97612095,0.4092801903628792,0.5907198096371208,0.6928499495302436,11790.374776918501,0.637120761451517,0.6668649613325401,master_dataset/kaggle/benign/benign_88221.png,benign
150.02676977989293,125.49420163212203,255,0.16958953004164187,125.49420163212203,0.9773638,0.4116597263533611,0.5883402736466389,0.6996966631773317,12305.623438429506,0.6502082093991671,0.635930993456276,master_dataset/kaggle/benign/benign_80908.png,benign
149.01387874360847,125.6718067881787,255,0.16403214024835647,125.6718067881787,0.9793632,0.4156318480642805,0.5843681519357194,0.7112499998782874,11832.745069393719,0.6654492330168006,0.6639883126369612,master_dataset/kaggle/malicious/malicious_405954.png,malicious
149.1165972635336,125.65417908985833,255,0.16749553837001785,125.65417908985835,0.9791647,0.41522903033908387,0.5847709696609161,0.7100712104584304,12033.299821534802,0.6763831052944675,0.6502082093991671,master_dataset/kaggle/benign/benign_69509.png,benign
146.08268887566925,126.13854951659339,255,0.1665437239738251,126.13854951659339,0.98462236,0.4271267102914932,0.5728732897085068,0.7455867080733821,12089.00237953599,0.6716240333135038,0.6632956573468174,master_dataset/kaggle/malicious/malicious_390105.png,malicious
149.7233789411065,125.54828325564624,255,0.16606781677572874,125.54828325564624,0.9779725,0.412849494348602,0.5871505056513979,0.7031408306806506,11994.61748958953,0.6502082093991671,0.6728138013087448,master_dataset/kaggle/malicious/malicious_350168.png,malicious
146.40613586559533,126.09047555874967,255,0.16403214024835647,126.09047555874967,0.98408043,0.42585829072315556,0.5741417092768444,0.7417302797690294,11811.845872899927,0.6493791088385683,0.647918188458729,master_dataset/kaggle/malicious/malicious_370738.png,malicious
147.29625223081499,125.95379469318878,255,0.16632956573468174,125.95379469318878,0.9825399,0.4223676383105294,0.5776323616894705,0.731204943230777,11993.070196311719,0.6478286734086853,0.65377751338489,master_dataset/kaggle/benign/benign_88682.png,benign
148.50981558596075,125.75705804861977,255,0.16868530636525877,125.75705804861975,0.9803234,0.4176085663295657,0.5823914336704342,0.7170582225530772,12223.616894705532,0.6609161213563355,0.685901249256395,master_dataset/kaggle/benign/benign_95491.png,benign
148.81320642474716,125.70599521063471,255,0.1642355740630577,125.70599521063473,0.97974825,0.4164187983343248,0.5835812016656752,0.7135575941692671,11779.543723973826,0.6704342653182629,0.652587745389649,master_dataset/kaggle/malicious/malicious_394436.png,malicious
150.93694229625223,125.3274101535739,255,0.1667816775728733,125.3274101535739,0.9754869,0.4080904223676383,0.5919095776323617,0.689447236064426,12008.543129089827,0.6644854253420583,0.6597263533610946,master_dataset/kaggle/malicious/malicious_324701.png,malicious
151.5437239738251,125.21241686618188,255,0.16797144556811422,125.21241686618187,0.97419333,0.40571088637715647,0.5942891136228435,0.6826826825678088,12149.346817370613,0.6573468173706127,0.6644854253420583,master_dataset/kaggle/benign/benign_75774.png,benign
149.1165972635336,125.65417908985832,255,0.16516359309934564,125.65417908985832,0.9791647,0.41522903033908387,0.5847709696609161,0.7100712104584304,11863.09756097561,0.6561570493753718,0.652587745389649,master_dataset/kaggle/benign/benign_28035.png,benign
147.29625223081499,125.95379469318878,255,0.16509220701963118,125.95379469318878,0.9825399,0.4223676383105294,0.5776323616894705,0.731204943230777,11898.685306365258,0.6668649613325401,0.6632956573468174,master_dataset/kaggle/benign/benign_78969.png,benign
147.90303390838787,125.8569275301649,255,0.16956573468173705,125.8569275301649,0.9814483,0.4199881023200476,0.5800118976799524,0.7241025639777213,12344.305770374776,0.6478286734086853,0.6311719214753123,master_dataset/kaggle/benign/benign_57996.png,benign
148.81320642474716,125.70599521063471,255,0.16416418798334326,125.70599521063473,0.97974825,0.4164187983343248,0.5835812016656752,0.7135575941692671,11873.928613920285,0.6644854253420583,0.6621058893515764,master_dataset/kaggle/benign/benign_78424.png,benign
146.99286139202854,126.00110457750425,255,0.16387864366448543,126.00110457750425,0.983073,0.4235574063057704,0.5764425936942297,0.7347781216475581,11839.888161808447,0.6740035693039858,0.6609161213563355,master_dataset/kaggle/benign/benign_33076.png,benign
149.1165972635336,125.65417908985833,255,0.16554431885782273,125.65417908985835,0.9791647,0.41522903033908387,0.5847709696609161,0.7100712104584304,11993.070196311719,0.6609161213563355,0.685901249256395,master_dataset/kaggle/malicious/malicious_374567.png,malicious
150.02676977989293,125.49420163212203,255,0.16682926829268294,125.49420163212203,0.9773638,0.4116597263533611,0.5883402736466389,0.6996966631773317,12024.016061867937,0.6609161213563355,0.6502082093991671,master_dataset/kaggle/benign/benign_73463.png,benign
148.81320642474716,125.7059952106347,255,0.16680547293277811,125.7059952106347,0.97974825,0.4164187983343248,0.5835812016656752,0.7135575941692671,12064.245687091017,0.6490184414039263,0.6585365853658537,master_dataset/kaggle/benign/benign_67916.png,benign
149.41998810232005,125.60160875400499,255,0.16599643069601427,125.60160875400499,0.97857285,0.414039262343843,0.5859607376561571,0.7065989846509855,11969.860797144556,0.6442593694229625,0.6478286734086853,master_dataset/kaggle/benign/benign_49238.png,benign
152.60559190957764,125.00383696058995,255,0.1634503271861987,125.00383696058994,0.97184813,0.4015466983938132,0.5984533016061868,0.6709741549574644,11767.165377751338,0.6430696014277216,0.6490184414039263,master_dataset/kaggle/benign/benign_38873.png,benign
150.33016061867934,125.43936290545045,255,0.1673051754907793,125.43936290545044,0.97674656,0.41046995835812017,0.5895300416418798,0.6962663974600986,12041.036287923855,0.6573468173706127,0.6406900654372397,master_dataset/kaggle/benign/benign_63443.png,benign
150.93694229625223,125.3274101535739,255,0.16337894110648424,125.3274101535739,0.9754869,0.4080904223676383,0.5919095776323617,0.689447236064426,11771.807257584771,0.6799524092801904,0.652587745389649,master_dataset/kaggle/malicious/malicious_396495.png,malicious
149.1165972635336,125.65417908985833,255,0.16997025580011899,125.65417908985835,0.9791647,0.41522903033908387,0.5847709696609161,0.7100712104584304,12319.549077929803,0.6347412254610351,0.6668649613325401,master_dataset/kaggle/benign/benign_27204.png,benign
147.29625223081499,125.95379469318877,255,0.16442593694229626,125.95379469318875,0.9825399,0.4223676383105294,0.5776323616894705,0.731204943230777,11836.793575252826,0.6406900654372397,0.6502082093991671,master_dataset/kaggle/malicious/malicious_318026.png,malicious
150.33016061867934,125.43936290545045,255,0.1656157049375372,125.43936290545044,0.97674656,0.41046995835812017,0.5895300416418798,0.6962663974600986,11917.252825698988,0.6621058893515764,0.6704342653182629,master_dataset/kaggle/benign/benign_72065.png,benign
146.08268887566925,126.13854951659339,255,0.1703747769185009,126.13854951659339,0.98462236,0.4271267102914932,0.5728732897085068,0.7455867080733821,12328.832837596668,0.6478286734086853,0.6644854253420583,master_dataset/kaggle/benign/benign_98126.png,benign
151.84711481261155,125.15377741123721,255,0.16906603212373586,125.15377741123721,0.97353387,0.4045211183819155,0.5954788816180845,0.6793206792065996,12288.603212373588,0.6513979773944081,0.6466389054134444,master_dataset/kaggle/malicious/malicious_365221.png,malicious
148.50981558596075,125.75705804861975,255,0.16690065437239737,125.75705804861975,0.9803234,0.4176085663295657,0.5823914336704342,0.7170582225530772,12034.847114812612,0.6609161213563355,0.6763831052944675,master_dataset/kaggle/benign/benign_18154.png,benign
149.41998810232005,125.601608754005,255,0.16732897085068413,125.601608754005,0.97857285,0.414039262343843,0.5859607376561571,0.7065989846509855,12115.306365258775,0.6680547293277811,0.6668649613325401,master_dataset/kaggle/malicious/malicious_360254.png,malicious
146.99286139202854,126.00110457750426,255,0.16521118381915526,126.00110457750425,0.983073,0.4235574063057704,0.5764425936942297,0.7347781216475581,11853.813801308745,0.6609161213563355,0.6561570493753718,master_dataset/kaggle/benign/benign_38196.png,benign
151.84711481261155,125.15377741123723,255,0.1662819750148721,125.15377741123723,0.97353387,0.4045211183819155,0.5954788816180845,0.6793206792065996,11997.712076145152,0.6585365853658537,0.6811421772754312,master_dataset/kaggle/malicious/malicious_405577.png,malicious
147.29625223081499,125.95379469318878,255,0.16387864366448543,125.95379469318878,0.9825399,0.4223676383105294,0.5776323616894705,0.731204943230777,11830.604402141582,0.6716240333135038,0.6775728732897085,master_dataset/kaggle/malicious/malicious_403956.png,malicious
143.29615694705726,126.51771190510811,255,0.17595270088685838,126.51771190510811,0.98889947,0.43805428648212846,0.5619457135178716,0.7795313245862918,12777.124160171998,0.596345068529965,0.6119322762698199,master_dataset/multi version/malicious/malicious_version_10_416265.png,malicious
152.18042366691014,125.08847543887416,255,0.1618991964937911,125.08847543887414,0.97279966,0.40321402483564645,0.5967859751643535,0.6756425947460276,11637.052593133674,0.6581446311176041,0.662527392257122,master_dataset/kaggle/benign/benign_38755.png,benign
150.93694229625223,125.32741015357391,255,0.16675788221296847,125.32741015357391,0.9754869,0.4080904223676383,0.5919095776323617,0.689447236064426,12053.414634146342,0.6847114812611541,0.6835217132659132,master_dataset/kaggle/malicious/malicious_385666.png,malicious
150.02676977989293,125.49420163212204,255,0.16901844140392625,125.49420163212204,0.9773638,0.4116597263533611,0.5883402736466389,0.6996966631773317,12200.40749553837,0.6430696014277216,0.6763831052944675,master_dataset/kaggle/malicious/malicious_381325.png,malicious
149.41998810232005,125.60160875400499,255,0.16480666270077335,125.60160875400499,0.97857285,0.414039262343843,0.5859607376561571,0.7065989846509855,11900.23259964307,0.6513979773944081,0.635930993456276,master_dataset/kaggle/malicious/malicious_399973.png,malicious
147.90303390838787,125.85692753016491,255,0.16183224271267102,125.85692753016491,0.9814483,0.4199881023200476,0.5800118976799524,0.7241025639777213,11623.267102914931,0.6751933372992267,0.6442593694229625,master_dataset/kaggle/benign/benign_55503.png,benign
147.29625223081499,125.95379469318877,255,0.16656751933372993,125.95379469318875,0.9825399,0.4223676383105294,0.5776323616894705,0.731204943230777,11996.164782867341,0.6323616894705533,0.6478286734086853,master_dataset/kaggle/benign/benign_40044.png,benign
146.08268887566925,126.13854951659339,255,0.16164187983343248,126.13854951659339,0.98462236,0.4271267102914932,0.5728732897085068,0.7455867080733821,11671.233194527067,0.6847114812611541,0.6728138013087448,master_dataset/kaggle/benign/benign_94974.png,benign
151.5437239738251,125.21241686618188,255,0.16804283164782868,125.21241686618187,0.97419333,0.40571088637715647,0.5942891136228435,0.6826826825678088,12124.59012492564,0.65377751338489,0.669244497323022,master_dataset/kaggle/malicious/malicious_367903.png,malicious
149.1165972635336,125.65417908985835,255,0.16549672813801308,125.65417908985835,0.9791647,0.41522903033908387,0.5847709696609161,0.7100712104584304,11943.556811421773,0.6835217132659132,0.6502082093991671,master_dataset/kaggle/malicious/malicious_357069.png,malicious
148.2064247471743,125.80736852104334,255,0.16640095181439618,125.80736852104333,0.9808901,0.4187983343248067,0.5812016656751934,0.7205731830899402,12053.414634146342,0.6513979773944081,0.6513979773944081,master_dataset/kaggle/malicious/malicious_402609.png,malicious
148.50981558596075,125.75705804861977,255,0.1662819750148721,125.75705804861975,0.9803234,0.4176085663295657,0.5823914336704342,0.7170582225530772,12027.110648423557,0.6513979773944081,0.6740035693039858,master_dataset/kaggle/benign/benign_86757.png,benign
149.94521548575602,125.50881364190316,255,0.16201607012417824,125.50881364190316,0.9775282,0.41197954711468227,0.5880204528853178,0.7006211178932732,11625.653031409789,0.6698319941563184,0.6420745069393718,master_dataset/kaggle/malicious/malicious_376497.png,malicious
148.2064247471743,125.80736852104336,255,0.16328375966686495,125.80736852104336,0.9808901,0.4187983343248067,0.5812016656751934,0.7205731830899402,11695.98988697204,0.6466389054134444,0.6609161213563355,master_dataset/kaggle/malicious/malicious_397204.png,malicious
148.50981558596075,125.75705804861977,255,0.1635930993456276,125.75705804861975,0.9803234,0.4176085663295657,0.5823914336704342,0.7170582225530772,11796.563950029744,0.6573468173706127,0.6751933372992267,master_dataset/kaggle/benign/benign_17542.png,benign
152.4538964901844,125.03420751921117,255,0.16454491374182034,125.03420751921117,0.97218955,0.40214158239143366,0.5978584176085663,0.6726368158078904,11887.854253420583,0.6632956573468174,0.6609161213563355,master_dataset/kaggle/malicious/malicious_356785.png,malicious
150.93694229625223,125.32741015357391,255,0.1649970255800119,125.32741015357391,0.9754869,0.4080904223676383,0.5919095776323617,0.689447236064426,11960.577037477691,0.6966091612135633,0.6704342653182629,master_dataset/kaggle/malicious/malicious_384648.png,malicious
146.3860797144557,126.09348116781938,255,0.16799524092801904,126.09348116781938,0.9841143,0.42593694229625223,0.5740630577037478,0.7419689117878497,12138.515764425936,0.637120761451517,0.6597263533610946,master_dataset/kaggle/malicious/malicious_358061.png,malicious
150.93694229625223,125.32741015357391,255,0.17094586555621655,125.32741015357391,0.9754869,0.4080904223676383,0.5919095776323617,0.689447236064426,12410.839381320642,0.6454491374182034,0.6478286734086853,master_dataset/kaggle/malicious/malicious_359070.png,malicious
145.17251635930992,126.26928433126531,255,0.16323616894705534,126.2692843312653,0.9860966,0.43069601427721593,0.5693039857227841,0.7565308253634557,11793.469363474123,0.6597263533610946,0.6644854253420583,master_dataset/kaggle/benign/benign_45094.png,benign
148.50981558596075,125.75705804861977,255,0.16735276621058892,125.75705804861975,0.9803234,0.4176085663295657,0.5823914336704342,0.7170582225530772,12132.326591314693,0.6597263533610946,0.6490184414039263,master_dataset/kaggle/malicious/malicious_392099.png,malicious
149.41998810232005,125.60160875400499,255,0.1700178465199286,125.60160875400499,0.97857285,0.414039262343843,0.5859607376561571,0.7065989846509855,12310.265318262938,0.6561570493753718,0.635930993456276,master_dataset/kaggle/benign/benign_17437.png,benign
152.55295836376916,125.01439627988148,255,0.15880204528853178,125.0143962798815,0.9719669,0.40175310445580714,0.5982468955441929,0.6715506714384184,11405.26150474799,0.662527392257122,0.647918188458729,master_dataset/kaggle/malicious/malicious_374938.png,malicious
145.7792980368828,126.18287230555032,255,0.16661511005353957,126.18287230555033,0.98512214,0.4283164782867341,0.5716835217132659,0.7492195628242,12045.678167757287,0.6549672813801308,0.6668649613325401,master_dataset/kaggle/benign/benign_61843.png,benign
151.84711481261155,125.15377741123721,255,0.1693753718024985,125.15377741123721,0.97353387,0.4045211183819155,0.5954788816180845,0.6793206792065996,12220.522308149912,0.669244497323022,0.6609161213563355,master_dataset/kaggle/benign/benign_85322.png,benign
151.69541939321832,125.1831924836009,255,0.16644854253420582,125.1831924836009,0.97386473,0.405116002379536,0.594883997620464,0.680999999885524,12065.792980368828,0.6502082093991671,0.6573468173706127,master_dataset/kaggle/malicious/malicious_318563.png,malicious
150.63355145746579,125.38376608223564,255,0.16471148126115406,125.38376608223564,0.97612095,0.4092801903628792,0.5907198096371208,0.6928499495302436,11872.381320642475,0.6549672813801308,0.65377751338489,master_dataset/kaggle/malicious/malicious_364887.png,malicious
146.99286139202854,126.00110457750425,255,0.16816180844735276,126.00110457750425,0.983073,0.4235574063057704,0.5764425936942297,0.7347781216475581,12116.853658536585,0.6966091612135633,0.6513979773944081,master_dataset/kaggle/benign/benign_70938.png,benign
150.02676977989293,125.49420163212203,255,0.16276026174895894,125.49420163212203,0.9773638,0.4116597263533611,0.5883402736466389,0.6996966631773317,11658.85484830458,0.6775728732897085,0.652587745389649,master_dataset/kaggle/malicious/malicious_366352.png,malicious
146.68947055324213,126.04766645950355,255,0.1639500297441999,126.04766645950355,0.9835979,0.4247471743010113,0.5752528256989887,0.7383660805334856,11829.057108863772,0.6728138013087448,0.6549672813801308,master_dataset/kaggle/malicious/malicious_345879.png,malicious
148.81320642474716,125.70599521063471,255,0.16271267102914933,125.70599521063473,0.97974825,0.4164187983343248,0.5835812016656752,0.7135575941692671,11750.14515169542,0.6430696014277216,0.652587745389649,master_dataset/kaggle/benign/benign_18993.png,benign
150.63355145746579,125.38376608223562,255,0.16939916716240333,125.38376608223562,0.97612095,0.4092801903628792,0.5907198096371208,0.6928499495302436,12310.265318262938,0.6490184414039263,0.6775728732897085,master_dataset/kaggle/benign/benign_68642.png,benign
152.15050565139796,125.09437465821713,255,0.16521118381915526,125.09437465821713,0.972866,0.4033313503866746,0.5966686496133254,0.6759720836354627,11903.32718619869,0.6430696014277216,0.6609161213563355,master_dataset/kaggle/benign/benign_47557.png,benign
148.50981558596075,125.75705804861975,255,0.17380130874479477,125.75705804861975,0.9803234,0.4176085663295657,0.5823914336704342,0.7170582225530772,12650.66983938132,0.6847114812611541,0.6728138013087448,master_dataset/kaggle/benign/benign_20561.png,benign
152.36669101533965,125.05158006977611,255,0.1648210372534697,125.05158006977611,0.97238487,0.4024835646457268,0.5975164353542732,0.6735941319166076,11903.042366691016,0.6537618699780862,0.6698319941563184,master_dataset/kaggle/malicious/malicious_381948.png,malicious
150.33016061867934,125.43936290545045,255,0.16547293277810826,125.43936290545044,0.97674656,0.41046995835812017,0.5895300416418798,0.6962663974600986,11945.104104699583,0.6609161213563355,0.6406900654372397,master_dataset/kaggle/benign/benign_90788.png,benign
154.27424152290303,124.65708961335996,255,0.16868530636525877,124.65708961335996,0.9679524,0.3950029744199881,0.6049970255800119,0.6529006881910004,12257.65734681737,0.6644854253420583,0.65377751338489,master_dataset/kaggle/malicious/malicious_405163.png,malicious
145.7792980368828,126.1828723055503,255,0.1610232004759072,126.1828723055503,0.98512214,0.4283164782867341,0.5716835217132659,0.7492195628242,11569.111838191553,0.6728138013087448,0.6847114812611541,master_dataset/kaggle/malicious/malicious_326144.png,malicious
149.41998810232005,125.60160875400501,255,0.16521118381915526,125.601608754005,0.97857285,0.414039262343843,0.5859607376561571,0.7065989846509855,11869.286734086852,0.6561570493753718,0.6513979773944081,master_dataset/kaggle/malicious/malicious_398039.png,malicious
147.29625223081499,125.95379469318878,255,0.1626888756692445,125.95379469318878,0.9825399,0.4223676383105294,0.5776323616894705,0.731204943230777,11754.787031528851,0.6609161213563355,0.6799524092801904,master_dataset/kaggle/malicious/malicious_346271.png,malicious
154.4156318480643,124.6266374505044,255,0.1610518626734843,124.6266374505044,0.9676105,0.3944485025566107,0.6055514974433893,0.6513872134026841,11648.45215485756,0.6800584368151936,0.6698319941563184,master_dataset/kaggle/benign/benign_81339.png,benign
152.73922571219867,124.9769238117529,255,0.16067202337472608,124.9769238117529,0.97154564,0.4010226442658875,0.5989773557341125,0.6695121950101753,11551.555880204529,0.6756756756756757,0.7195032870708546,master_dataset/kaggle/malicious/malicious_362883.png,malicious
152.4538964901844,125.03420751921117,255,0.1669244497323022,125.03420751921117,0.97218955,0.40214158239143366,0.5978584176085663,0.6726368158078904,12051.86734086853,0.6573468173706127,0.6597263533610946,master_dataset/kaggle/benign/benign_90718.png,benign
148.50981558596075,125.75705804861977,255,0.16623438429506246,125.75705804861975,0.9803234,0.4176085663295657,0.5823914336704342,0.7170582225530772,12076.624033313505,0.6609161213563355,0.6549672813801308,master_dataset/kaggle/benign/benign_60538.png,benign
152.3022010707912,125.06438670558475,255,0.16851873884592505,125.06438670558475,0.9725288,0.40273646638905414,0.5972635336109459,0.6743027887317228,12231.353361094587,0.6478286734086853,0.6942296252230815,master_dataset/kaggle/benign/benign_9477.png,benign
150.63355145746579,125.38376608223564,255,0.16506841165972636,125.38376608223564,0.97612095,0.4092801903628792,0.5907198096371208,0.6928499495302436,11920.34741225461,0.6632956573468174,0.669244497323022,master_dataset/kaggle/malicious/malicious_408302.png,malicious
149.1165972635336,125.65417908985833,255,0.1677096966091612,125.65417908985835,0.9791647,0.41522903033908387,0.5847709696609161,0.7100712104584304,12136.968471148126,0.6430696014277216,0.6335514574657942,master_dataset/kaggle/benign/benign_89686.png,benign
147.59964306960143,125.90573596335722,255,0.16659131469363475,125.90573596335723,0.9819983,0.4211778703152885,0.5788221296847115,0.7276464541394477,12031.75252825699,0.6597263533610946,0.6680547293277811,master_dataset/kaggle/malicious/malicious_399759.png,malicious
150.02676977989293,125.49420163212203,255,0.16518738845925043,125.49420163212203,0.9773638,0.4116597263533611,0.5883402736466389,0.6996966631773317,11884.759666864962,0.6609161213563355,0.6502082093991671,master_dataset/kaggle/benign/benign_43348.png,benign
148.50981558596075,125.75705804861975,255,0.1650208209399167,125.75705804861975,0.9803234,0.4176085663295657,0.5823914336704342,0.7170582225530772,11877.023200475907,0.6513979773944081,0.6621058893515764,master_dataset/kaggle/benign/benign_59178.png,benign
150.02676977989293,125.49420163212204,255,0.16504461629982153,125.49420163212204,0.9773638,0.4116597263533611,0.5883402736466389,0.6996966631773317,11827.509815585961,0.637120761451517,0.65377751338489,master_dataset/kaggle/malicious/malicious_348407.png,malicious
152.75728732897085,124.97327489020127,255,0.16761451516954193,124.97327489020127,0.9715047,0.40095181439619276,0.5990481856038072,0.6693147963132952,12138.515764425936,0.6632956573468174,0.6668649613325401,master_dataset/kaggle/malicious/malicious_397733.png,malicious
150.33016061867934,125.43936290545045,255,0.16659131469363475,125.43936290545044,0.97674656,0.41046995835812017,0.5895300416418798,0.6962663974600986,12062.698393813207,0.6573468173706127,0.635930993456276,master_dataset/kaggle/malicious/malicious_374529.png,malicious
148.81320642474716,125.7059952106347,255,0.17056513979773943,125.7059952106347,0.97974825,0.4164187983343248,0.5835812016656752,0.7135575941692671,12404.6502082094,0.6406900654372397,0.6478286734086853,master_dataset/kaggle/malicious/malicious_339082.png,malicious
151.5437239738251,125.21241686618188,255,0.16659131469363475,125.21241686618187,0.97419333,0.40571088637715647,0.5942891136228435,0.6826826825678088,12039.488994646044,0.6716240333135038,0.6716240333135038,master_dataset/kaggle/benign/benign_48147.png,benign
147.29625223081499,125.95379469318877,255,0.1692088042831648,125.95379469318875,0.9825399,0.4223676383105294,0.5776323616894705,0.731204943230777,12299.434265318263,0.6621058893515764,0.6502082093991671,master_dataset/kaggle/malicious/malicious_338291.png,malicious
146.3860797144557,126.09348116781938,255,0.16868530636525877,126.09348116781938,0.9841143,0.42593694229625223,0.5740630577037478,0.7419689117878497,12192.671029149316,0.6621058893515764,0.6549672813801308,master_dataset/kaggle/benign/benign_99651.png,benign
147.29625223081499,125.95379469318878,255,0.1644973230220107,125.95379469318878,0.9825399,0.4223676383105294,0.5776323616894705,0.731204943230777,11894.043426531825,0.6656751933372992,0.6656751933372992,master_dataset/kaggle/benign/benign_81041.png,benign
150.33016061867934,125.43936290545047,255,0.1639500297441999,125.43936290545047,0.97674656,0.41046995835812017,0.5895300416418798,0.6962663974600986,11720.746579417013,0.6264128494943486,0.6632956573468174,master_dataset/kaggle/malicious/malicious_388124.png,malicious
152.75728732897085,124.97327489020127,255,0.16832837596668648,124.97327489020127,0.9715047,0.40095181439619276,0.5990481856038072,0.6693147963132952,12184.934562760262,0.6847114812611541,0.6894705532421178,master_dataset/kaggle/benign/benign_4445.png,benign
150.33016061867934,125.43936290545045,255,0.1684711481261154,125.43936290545044,0.97674656,0.41046995835812017,0.5895300416418798,0.6962663974600986,12256.11005353956,0.652587745389649,0.6561570493753718,master_dataset/kaggle/malicious/malicious_360033.png,malicious
146.68947055324213,126.04766645950355,255,0.1689708506841166,126.04766645950355,0.9835979,0.4247471743010113,0.5752528256989887,0.7383660805334856,12254.56276026175,0.669244497323022,0.6490184414039263,master_dataset/kaggle/benign/benign_82420.png,benign
153.36406900654373,124.84910866491899,255,0.16880428316478288,124.849108664919,0.97010934,0.3985722784057109,0.6014277215942891,0.6627101878225503,12273.130279595478,0.6490184414039263,0.6621058893515764,master_dataset/kaggle/malicious/malicious_397612.png,malicious
147.8962746530314,125.85802310650723,255,0.1654346238130022,125.85802310650723,0.9814607,0.4200146092037984,0.5799853907962016,0.7241813600766493,11922.041636230826,0.6581446311176041,0.6932067202337473,master_dataset/kaggle/malicious/malicious_378832.png,malicious
148.50981558596075,125.75705804861975,255,0.1644973230220107,125.75705804861975,0.9803234,0.4176085663295657,0.5823914336704342,0.7170582225530772,11847.624628197502,0.669244497323022,0.6763831052944675,master_dataset/kaggle/benign/benign_87051.png,benign
150.93694229625223,125.32741015357391,255,0.16716240333135038,125.32741015357391,0.9754869,0.4080904223676383,0.5919095776323617,0.689447236064426,12149.346817370613,0.6240333135038667,0.6668649613325401,master_dataset/kaggle/benign/benign_85227.png,benign
151.80788897005112,125.16140193294285,255,0.16718772826880934,125.16140193294285,0.9736197,0.40467494521548575,0.5953250547845143,0.6797546011128117,12148.132943754565,0.677136596055515,0.6902848794740687,master_dataset/kaggle/malicious/malicious_384736.png,malicious
149.7233789411065,125.54828325564625,255,0.1663771564544914,125.54828325564625,0.9779725,0.412849494348602,0.5871505056513979,0.7031408306806506,12044.130874479477,0.6406900654372397,0.6466389054134444,master_dataset/kaggle/malicious/malicious_412429.png,malicious
147.59964306960143,125.90573596335722,255,0.16452111838191552,125.90573596335723,0.9819983,0.4211778703152885,0.5788221296847115,0.7276464541394477,11833.698988697204,0.6323616894705533,0.652587745389649,master_dataset/kaggle/benign/benign_85786.png,benign
147.59964306960143,125.90573596335722,255,0.16671029149315883,125.90573596335723,0.9819983,0.4211778703152885,0.5788221296847115,0.7276464541394477,12025.563355145747,0.6621058893515764,0.6490184414039263,master_dataset/kaggle/benign/benign_27361.png,benign
147.90303390838787,125.8569275301649,255,0.17111243307555027,125.8569275301649,0.9814483,0.4199881023200476,0.5800118976799524,0.7241025639777213,12441.78524687686,0.6621058893515764,0.6549672813801308,master_dataset/kaggle/benign/benign_41882.png,benign
150.63355145746579,125.38376608223564,255,0.16392623438429507,125.38376608223564,0.97612095,0.4092801903628792,0.5907198096371208,0.6928499495302436,11768.712671029149,0.6704342653182629,0.6585365853658537,master_dataset/kaggle/benign/benign_49176.png,benign
152.36669101533965,125.05158006977611,255,0.16379839298758217,125.05158006977611,0.97238487,0.4024835646457268,0.5975164353542732,0.6735941319166076,11751.048210372535,0.6596055514974434,0.6376917457998539,master_dataset/kaggle/benign/benign_23063.png,benign
151.84711481261155,125.1537774112372,255,0.16411659726353361,125.15377741123719,0.97353387,0.4045211183819155,0.5954788816180845,0.6793206792065996,11798.111243307556,0.6513979773944081,0.6621058893515764,master_dataset/kaggle/benign/benign_86565.png,benign
147.59964306960143,125.90573596335722,255,0.16735276621058892,125.90573596335723,0.9819983,0.4211778703152885,0.5788221296847115,0.7276464541394477,12096.738845925045,0.6787626412849495,0.669244497323022,master_dataset/kaggle/malicious/malicious_335782.png,malicious
156.2783053323594,124.2097385159372,255,0.16736303871439007,124.2097385159372,0.96293163,0.38714390065741416,0.6128560993425858,0.6317044099088435,12218.430241051863,0.677136596055515,0.677136596055515,master_dataset/kaggle/malicious/malicious_380215.png,malicious
148.50981558596075,125.75705804861975,255,0.16842355740630577,125.75705804861975,0.9803234,0.4176085663295657,0.5823914336704342,0.7170582225530772,12254.56276026175,0.6728138013087448,0.6502082093991671,master_dataset/kaggle/benign/benign_68256.png,benign
148.50981558596075,125.75705804861977,255,0.1697323022010708,125.75705804861975,0.9803234,0.4176085663295657,0.5823914336704342,0.7170582225530772,12263.846519928615,0.6823319452706722,0.6240333135038667,master_dataset/kaggle/malicious/malicious_390828.png,malicious
153.51576442593694,124.8175869071909,255,0.16471148126115406,124.8175869071909,0.9697552,0.39797739440809043,0.6020226055919096,0.6610671935660817,11856.908387864367,0.6418798334324807,0.6430696014277216,master_dataset/kaggle/benign/benign_82789.png,benign
149.572680788897,125.57486517130512,255,0.1551789627465303,125.57486517130512,0.9782718,0.41344046749452157,0.5865595325054784,0.7048567869283999,11065.17457998539,0.6391526661796932,0.6654492330168006,master_dataset/kaggle/malicious/malicious_362741.png,malicious
151.24033313503867,125.27029409495846,255,0.1663771564544914,125.27029409495846,0.97484434,0.40690065437239736,0.5930993456276026,0.6860581744078973,12061.151100535395,0.6466389054134444,0.6716240333135038,master_dataset/kaggle/malicious/malicious_381533.png,malicious
148.82761139517896,125.70355202688678,255,0.16613586559532506,125.70355202688678,0.9797207,0.4163623082542001,0.5836376917457998,0.7133917395523612,12018.937910883857,0.6742147552958364,0.6581446311176041,master_dataset/kaggle/benign/benign_30633.png,benign
149.41998810232005,125.601608754005,255,0.16761451516954193,125.601608754005,0.97857285,0.414039262343843,0.5859607376561571,0.7065989846509855,12121.495538370018,0.669244497323022,0.6728138013087448,master_dataset/kaggle/benign/benign_83937.png,benign
146.68947055324213,126.04766645950355,255,0.1638548483045806,126.04766645950355,0.9835979,0.4247471743010113,0.5752528256989887,0.7383660805334856,11816.678762641284,0.6751933372992267,0.6454491374182034,master_dataset/kaggle/benign/benign_28258.png,benign
146.08268887566925,126.13854951659339,255,0.16314098750743605,126.13854951659339,0.98462236,0.4271267102914932,0.5728732897085068,0.7455867080733821,11771.807257584771,0.685901249256395,0.6490184414039263,master_dataset/kaggle/malicious/malicious_328188.png,malicious
150.02676977989293,125.49420163212203,255,0.1644973230220107,125.49420163212203,0.9773638,0.4116597263533611,0.5883402736466389,0.6996966631773317,11855.361094586555,0.6680547293277811,0.6513979773944081,master_dataset/kaggle/malicious/malicious_320994.png,malicious
152.36669101533965,125.0515800697761,255,0.1637107377647918,125.0515800697761,0.97238487,0.4024835646457268,0.5975164353542732,0.6735941319166076,11754.848064280497,0.6990504017531045,0.7034331628926224,master_dataset/kaggle/benign/benign_14291.png,benign
152.75728732897085,124.97327489020125,255,0.166162998215348,124.97327489020125,0.9715047,0.40095181439619276,0.5990481856038072,0.6693147963132952,12008.543129089827,0.6728138013087448,0.6632956573468174,master_dataset/kaggle/malicious/malicious_399617.png,malicious
150.02676977989293,125.49420163212204,255,0.1639500297441999,125.49420163212204,0.9773638,0.4116597263533611,0.5883402736466389,0.6996966631773317,11751.69244497323,0.6680547293277811,0.685901249256395,master_dataset/kaggle/malicious/malicious_343843.png,malicious
146.68947055324213,126.04766645950355,255,0.17225461035098155,126.04766645950355,0.9835979,0.4247471743010113,0.5752528256989887,0.7383660805334856,12576.399762046402,0.6478286734086853,0.65377751338489,master_dataset/kaggle/benign/benign_37389.png,benign
148.2064247471743,125.80736852104333,255,0.16516359309934564,125.80736852104333,0.9808901,0.4187983343248067,0.5812016656751934,0.7205731830899402,11935.820345032718,0.6680547293277811,0.6704342653182629,master_dataset/kaggle/malicious/malicious_319525.png,malicious
148.2064247471743,125.80736852104334,255,0.1647590719809637,125.80736852104333,0.9808901,0.4187983343248067,0.5812016656751934,0.7205731830899402,11841.435455086259,0.65377751338489,0.6716240333135038,master_dataset/kaggle/benign/benign_21473.png,benign
148.81320642474716,125.70599521063471,255,0.16956573468173705,125.70599521063473,0.97974825,0.4164187983343248,0.5835812016656752,0.7135575941692671,12344.305770374776,0.6716240333135038,0.65377751338489,master_dataset/kaggle/benign/benign_28702.png,benign
152.75728732897085,124.97327489020127,255,0.1692088042831648,124.97327489020127,0.9715047,0.40095181439619276,0.5990481856038072,0.6693147963132952,12228.258774538965,0.6585365853658537,0.6406900654372397,master_dataset/kaggle/benign/benign_29579.png,benign
146.99286139202854,126.00110457750425,255,0.16478286734086853,126.00110457750425,0.983073,0.4235574063057704,0.5764425936942297,0.7347781216475581,11798.111243307556,0.6668649613325401,0.6621058893515764,master_dataset/kaggle/benign/benign_1298.png,benign
148.81320642474716,125.70599521063471,255,0.17158834027364664,125.70599521063473,0.97974825,0.4164187983343248,0.5835812016656752,0.7135575941692671,12480.46757882213,0.652587745389649,0.6478286734086853,master_dataset/kaggle/benign/benign_33144.png,benign
149.8750743604997,125.5213370202935,255,0.165901249256395,125.5213370202935,0.97766924,0.41225461035098154,0.5877453896490185,0.7014170039292427,12028.657941701369,0.6573468173706127,0.6799524092801904,master_dataset/kaggle/benign/benign_6866.png,benign
148.2064247471743,125.80736852104336,255,0.16323616894705534,125.80736852104336,0.9808901,0.4187983343248067,0.5812016656751934,0.7205731830899402,11720.746579417013,0.6704342653182629,0.6644854253420583,master_dataset/kaggle/malicious/malicious_331790.png,malicious
147.29625223081499,125.95379469318877,255,0.16775728732897086,125.95379469318875,0.9825399,0.4223676383105294,0.5776323616894705,0.731204943230777,12133.873884592504,0.6656751933372992,0.6311719214753123,master_dataset/kaggle/malicious/malicious_353858.png,malicious
147.59964306960143,125.90573596335722,255,0.1628316478286734,125.90573596335723,0.9819983,0.4211778703152885,0.5788221296847115,0.7276464541394477,11725.388459250446,0.6704342653182629,0.6644854253420583,master_dataset/kaggle/malicious/malicious_340683.png,malicious
148.26880934989043,125.79708485568298,255,0.16523009495982469,125.79708485568297,0.98077416,0.4185536888239591,0.581446311176041,0.7198492461073525,11914.4419284149,0.6669101533966398,0.6712929145361578,master_dataset/kaggle/malicious/malicious_371149.png,malicious
146.08268887566925,126.13854951659339,255,0.16554431885782273,126.13854951659339,0.98462236,0.4271267102914932,0.5728732897085068,0.7455867080733821,11935.820345032718,0.6478286734086853,0.6573468173706127,master_dataset/kaggle/benign/benign_45483.png,benign
151.84711481261155,125.15377741123721,255,0.16878048780487806,125.15377741123721,0.97353387,0.4045211183819155,0.5954788816180845,0.6793206792065996,12277.77215942891,0.6442593694229625,0.6454491374182034,master_dataset/kaggle/benign/benign_98992.png,benign
151.5437239738251,125.21241686618188,255,0.16904223676383107,125.21241686618187,0.97419333,0.40571088637715647,0.5942891136228435,0.6826826825678088,12282.414039262343,0.6264128494943486,0.6763831052944675,master_dataset/kaggle/malicious/malicious_333749.png,malicious
148.81320642474716,125.7059952106347,255,0.17135038667459845,125.7059952106347,0.97974825,0.4164187983343248,0.5835812016656752,0.7135575941692671,12426.31231409875,0.6609161213563355,0.6299821534800714,master_dataset/kaggle/malicious/malicious_380797.png,malicious
149.57168352171325,125.575040459947,255,0.16813801308744794,125.575040459947,0.97827375,0.4134443783462225,0.5865556216537775,0.7048681540380443,12158.630577037478,0.669244497323022,0.6549672813801308,master_dataset/kaggle/malicious/malicious_385733.png,malicious
146.3860797144557,126.09348116781938,255,0.16856632956573467,126.09348116781938,0.9841143,0.42593694229625223,0.5740630577037478,0.7419689117878497,12235.99524092802,0.6835217132659132,0.6763831052944675,master_dataset/kaggle/malicious/malicious_409900.png,malicious
150.78524687685902,125.35568306975048,255,0.1619274241522903,125.35568306975047,0.97580504,0.4086853063652588,0.5913146936347412,0.6911468811708433,11648.023795359904,0.65377751338489,0.6668649613325401,master_dataset/kaggle/malicious/malicious_396154.png,malicious
150.33016061867934,125.43936290545044,255,0.17070791195716836,125.43936290545044,0.97674656,0.41046995835812017,0.5895300416418798,0.6962663974600986,12358.231409875074,0.6418798334324807,0.6311719214753123,master_dataset/kaggle/malicious/malicious_382324.png,malicious
145.7792980368828,126.18287230555032,255,0.16223676383105295,126.18287230555033,0.98512214,0.4283164782867341,0.5716835217132659,0.7492195628242,11626.361689470554,0.6561570493753718,0.6668649613325401,master_dataset/kaggle/benign/benign_44433.png,benign
149.7233789411065,125.54828325564624,255,0.16713860797144556,125.54828325564624,0.9779725,0.412849494348602,0.5871505056513979,0.7031408306806506,12109.11719214753,0.6656751933372992,0.6597263533610946,master_dataset/kaggle/benign/benign_80340.png,benign
151.5437239738251,125.21241686618188,255,0.1682093991671624,125.21241686618187,0.97419333,0.40571088637715647,0.5942891136228435,0.6826826825678088,12161.725163593099,0.6561570493753718,0.6585365853658537,master_dataset/kaggle/benign/benign_83559.png,benign
149.41998810232005,125.601608754005,255,0.16352171326591314,125.601608754005,0.97857285,0.414039262343843,0.5859607376561571,0.7065989846509855,11785.732897085069,0.6561570493753718,0.6704342653182629,master_dataset/kaggle/benign/benign_93473.png,benign
149.7233789411065,125.54828325564625,255,0.16509220701963118,125.54828325564625,0.9779725,0.412849494348602,0.5871505056513979,0.7031408306806506,11948.198691255206,0.6680547293277811,0.6383105294467579,master_dataset/kaggle/malicious/malicious_349454.png,malicious
148.81320642474716,125.70599521063471,255,0.16732897085068413,125.70599521063473,0.97974825,0.4164187983343248,0.5835812016656752,0.7135575941692671,12044.130874479477,0.6609161213563355,0.6716240333135038,master_dataset/kaggle/benign/benign_46538.png,benign
130.58621531699276,127.4626426644966,255,0.18651933701657458,127.46264266449661,0.9995773,0.4878971948353225,0.5121028051646775,0.9527329079620165,13513.433930588199,0.5362168431977046,0.5649094960471293,master_dataset/multi version/malicious/malicious_version_40_416268.png,malicious
148.2064247471743,125.80736852104333,255,0.16528256989886972,125.80736852104333,0.9808901,0.4187983343248067,0.5812016656751934,0.7205731830899402,11926.536585365853,0.6395002974419988,0.6395002974419988,master_dataset/kaggle/benign/benign_91657.png,benign
150.63355145746579,125.38376608223562,255,0.16287923854848305,125.38376608223562,0.97612095,0.4092801903628792,0.5907198096371208,0.6928499495302436,11692.89530041642,0.6573468173706127,0.65377751338489,master_dataset/kaggle/malicious/malicious_399780.png,malicious
152.55295836376916,125.0143962798815,255,0.16379839298758217,125.0143962798815,0.9719669,0.40175310445580714,0.5982468955441929,0.6715506714384184,11815.645726807888,0.6888239590942293,0.6596055514974434,master_dataset/kaggle/malicious/malicious_373110.png,malicious
150.17846519928614,125.46687696840455,255,0.17094586555621655,125.46687696840455,0.97705626,0.41106484235574065,0.5889351576442594,0.6979797978612824,12434.048780487805,0.6549672813801308,0.6918500892325996,master_dataset/kaggle/benign/benign_6556.png,benign
147.90303390838787,125.8569275301649,255,0.16568709101725163,125.8569275301649,0.9814483,0.4199881023200476,0.5800118976799524,0.7241025639777213,11942.009518143961,0.6704342653182629,0.6442593694229625,master_dataset/kaggle/benign/benign_70293.png,benign
146.08268887566925,126.13854951659339,255,0.16813801308744794,126.13854951659339,0.98462236,0.4271267102914932,0.5728732897085068,0.7455867080733821,12129.232004759073,0.6573468173706127,0.6561570493753718,master_dataset/kaggle/benign/benign_72960.png,benign
149.1165972635336,125.65417908985832,255,0.16582986317668055,125.65417908985832,0.9791647,0.41522903033908387,0.5847709696609161,0.7100712104584304,11972.955383700179,0.6704342653182629,0.637120761451517,master_dataset/kaggle/benign/benign_10891.png,benign
148.81320642474716,125.7059952106347,255,0.165639500297442,125.7059952106347,0.97974825,0.4164187983343248,0.5835812016656752,0.7135575941692671,11929.631171921475,0.6418798334324807,0.6704342653182629,master_dataset/kaggle/benign/benign_24214.png,benign
146.68947055324213,126.04766645950355,255,0.16513979773944082,126.04766645950355,0.9835979,0.4247471743010113,0.5752528256989887,0.7383660805334856,11892.496133254015,0.6811421772754312,0.6728138013087448,master_dataset/kaggle/benign/benign_68953.png,benign
151.5437239738251,125.21241686618188,255,0.17375371802498513,125.21241686618187,0.97419333,0.40571088637715647,0.5942891136228435,0.6826826825678088,12703.277810826889,0.65377751338489,0.6847114812611541,master_dataset/kaggle/malicious/malicious_410001.png,malicious
147.90303390838787,125.8569275301649,255,0.16521118381915526,125.8569275301649,0.9814483,0.4199881023200476,0.5800118976799524,0.7241025639777213,11934.273051754908,0.6335514574657942,0.6609161213563355,master_dataset/kaggle/malicious/malicious_353936.png,malicious
150.63355145746579,125.38376608223564,255,0.16530636525877454,125.38376608223564,0.97612095,0.4092801903628792,0.5907198096371208,0.6928499495302436,11866.192147531232,0.6656751933372992,0.6549672813801308,master_dataset/kaggle/benign/benign_42588.png,benign
153.0606781677573,124.91157565095534,255,0.16594883997620463,124.91157565095534,0.97081125,0.3997620464009518,0.6002379535990482,0.666005946370708,11997.712076145152,0.6740035693039858,0.6323616894705533,master_dataset/kaggle/benign/benign_18766.png,benign
151.24033313503867,125.27029409495847,255,0.16494943486020225,125.27029409495849,0.97484434,0.40690065437239736,0.5930993456276026,0.6860581744078973,11846.077334919692,0.6632956573468174,0.6168947055324212,master_dataset/kaggle/malicious/malicious_375675.png,malicious
148.26880934989043,125.797084855683,255,0.16444119795471146,125.797084855683,0.98077416,0.4185536888239591,0.581446311176041,0.7198492461073525,11813.745799853908,0.6537618699780862,0.6493791088385683,master_dataset/kaggle/benign/benign_36359.png,benign
146.3860797144557,126.09348116781939,255,0.16618679357525282,126.09348116781939,0.9841143,0.42593694229625223,0.5740630577037478,0.7419689117878497,12013.18500892326,0.6490184414039263,0.6323616894705533,master_dataset/kaggle/malicious/malicious_395159.png,malicious
149.41998810232005,125.601608754005,255,0.16402141582391433,125.601608754005,0.97857285,0.414039262343843,0.5859607376561571,0.7065989846509855,11812.036882807852,0.6549672813801308,0.652587745389649,master_dataset/kaggle/malicious/malicious_321377.png,malicious
150.33016061867934,125.43936290545045,255,0.1675669244497323,125.43936290545044,0.97674656,0.41046995835812017,0.5895300416418798,0.6962663974600986,12197.312908982749,0.652587745389649,0.6430696014277216,master_dataset/kaggle/malicious/malicious_370735.png,malicious
146.99286139202854,126.00110457750425,255,0.16204640095181438,126.00110457750425,0.983073,0.4235574063057704,0.5764425936942297,0.7347781216475581,11635.645449137419,0.6704342653182629,0.6549672813801308,master_dataset/kaggle/benign/benign_13921.png,benign
151.5437239738251,125.21241686618188,255,0.1725639500297442,125.21241686618187,0.97419333,0.40571088637715647,0.5942891136228435,0.6826826825678088,12545.453896490184,0.669244497323022,0.6847114812611541,master_dataset/kaggle/malicious/malicious_411246.png,malicious
148.35812016656752,125.78230727378563,255,0.16618679357525282,125.78230727378563,0.98060775,0.4182034503271862,0.5817965496728138,0.7188139058069196,12042.583581201665,0.6668649613325401,0.6418798334324807,master_dataset/kaggle/malicious/malicious_346846.png,malicious
148.50981558596075,125.75705804861974,255,0.16468768590124927,125.75705804861974,0.9803234,0.4176085663295657,0.5823914336704342,0.7170582225530772,11813.584176085664,0.669244497323022,0.6882807852468769,master_dataset/kaggle/benign/benign_9024.png,benign
151.24033313503867,125.27029409495846,255,0.16618679357525282,125.27029409495846,0.97484434,0.40690065437239736,0.5930993456276026,0.6860581744078973,11960.577037477691,0.6561570493753718,0.6609161213563355,master_dataset/kaggle/malicious/malicious_321224.png,malicious
152.4538964901844,125.03420751921117,255,0.16523497917906008,125.03420751921117,0.97218955,0.40214158239143366,0.5978584176085663,0.6726368158078904,11897.138013087448,0.6621058893515764,0.6573468173706127,master_dataset/kaggle/benign/benign_14393.png,benign
143.3521713265913,126.51070572972232,255,0.16735276621058892,126.51070572972232,0.98882043,0.4378346222486615,0.5621653777513385,0.7788359786974367,12092.096966091613,0.6513979773944081,0.6680547293277811,master_dataset/kaggle/benign/benign_11062.png,benign
145.47590719809637,126.22645032007132,255,0.16621058893515764,126.22645032007132,0.9856136,0.42950624628197503,0.570493753718025,0.7528675702538509,12002.353955978584,0.6811421772754312,0.6870910172516359,master_dataset/kaggle/benign/benign_3470.png,benign
147.90303390838787,125.85692753016488,255,0.1629506246281975,125.8569275301649,0.9814483,0.4199881023200476,0.5800118976799524,0.7241025639777213,11747.050565139798,0.6763831052944675,0.6490184414039263,master_dataset/kaggle/malicious/malicious_397448.png,malicious
151.24033313503867,125.27029409495844,255,0.1680666270077335,125.27029409495844,0.97484434,0.40690065437239736,0.5930993456276026,0.6860581744078973,12209.691255205234,0.6395002974419988,0.6502082093991671,master_dataset/kaggle/benign/benign_44769.png,benign
146.99286139202854,126.00110457750425,255,0.16580606781677573,126.00110457750425,0.983073,0.4235574063057704,0.5764425936942297,0.7347781216475581,11971.408090422368,0.6740035693039858,0.6775728732897085,master_dataset/kaggle/malicious/malicious_356900.png,malicious
149.41998810232005,125.601608754005,255,0.1687091017251636,125.601608754005,0.97857285,0.414039262343843,0.5859607376561571,0.7065989846509855,12192.671029149316,0.6513979773944081,0.6668649613325401,master_dataset/kaggle/benign/benign_51312.png,benign
149.41998810232005,125.601608754005,255,0.165639500297442,125.601608754005,0.97857285,0.414039262343843,0.5859607376561571,0.7065989846509855,11924.989292088043,0.6609161213563355,0.6299821534800714,master_dataset/kaggle/malicious/malicious_340437.png,malicious
145.17251635930992,126.26928433126534,255,0.16737656157049374,126.26928433126534,0.9860966,0.43069601427721593,0.5693039857227841,0.7565308253634557,12050.32004759072,0.6740035693039858,0.6513979773944081,master_dataset/kaggle/benign/benign_58311.png,benign
152.92549306062818,124.93916240564423,255,0.1608765522279036,124.93916240564424,0.97112125,0.40029218407596784,0.5997078159240321,0.667478684419759,11559.155588020452,0.6829802775748721,0.6932067202337473,master_dataset/kaggle/malicious/malicious_373977.png,malicious
151.24033313503867,125.27029409495847,255,0.1692325996430696,125.27029409495849,0.97484434,0.40690065437239736,0.5930993456276026,0.6860581744078973,12259.204640095182,0.6502082093991671,0.6347412254610351,master_dataset/kaggle/malicious/malicious_326344.png,malicious
150.93694229625223,125.32741015357391,255,0.16968471148126116,125.32741015357391,0.9754869,0.4080904223676383,0.5919095776323617,0.689447236064426,12335.022010707911,0.6466389054134444,0.6585365853658537,master_dataset/kaggle/malicious/malicious_387173.png,malicious
148.81320642474716,125.7059952106347,255,0.1686139202855443,125.7059952106347,0.97974825,0.4164187983343248,0.5835812016656752,0.7135575941692671,12152.441403926234,0.6882807852468769,0.6668649613325401,master_dataset/kaggle/benign/benign_66148.png,benign
147.90303390838787,125.85692753016488,255,0.16540154669839383,125.8569275301649,0.9814483,0.4199881023200476,0.5800118976799524,0.7241025639777213,11960.577037477691,0.6597263533610946,0.6632956573468174,master_dataset/kaggle/malicious/malicious_349394.png,malicious
152.90898274836408,124.94252116750862,255,0.16392623438429507,124.94252116750862,0.9711591,0.4003569303985723,0.5996430696014278,0.6676587300473874,11858.455681142177,0.6763831052944675,0.6918500892325996,master_dataset/kaggle/benign/benign_4351.png,benign
145.17251635930992,126.26928433126531,255,0.16052349791790602,126.2692843312653,0.9860966,0.43069601427721593,0.5693039857227841,0.7565308253634557,11531.976799524093,0.6787626412849495,0.652587745389649,master_dataset/kaggle/malicious/malicious_328150.png,malicious
153.97085068411658,124.7218668239824,255,0.1637120761451517,124.7218668239824,0.96867985,0.396192742415229,0.6038072575847709,0.6561576353593103,11756.334324806663,0.6513979773944081,0.6644854253420583,master_dataset/kaggle/benign/benign_29344.png,benign
147.90303390838787,125.85692753016488,255,0.16832837596668648,125.8569275301649,0.9814483,0.4199881023200476,0.5800118976799524,0.7241025639777213,12095.191552647233,0.637120761451517,0.6430696014277216,master_dataset/kaggle/benign/benign_10760.png,benign
148.81320642474716,125.70599521063471,255,0.16958953004164187,125.70599521063473,0.97974825,0.4164187983343248,0.5835812016656752,0.7135575941692671,12296.33967876264,0.6585365853658537,0.637120761451517,master_dataset/kaggle/benign/benign_99792.png,benign
148.50981558596075,125.75705804861977,255,0.16004759071980965,125.75705804861975,0.9803234,0.4176085663295657,0.5823914336704342,0.7170582225530772,11487.10529446758,0.6549672813801308,0.6632956573468174,master_dataset/kaggle/benign/benign_56379.png,benign
149.7233789411065,125.54828325564625,255,0.16568709101725163,125.54828325564625,0.9779725,0.412849494348602,0.5871505056513979,0.7031408306806506,12000.806662700774,0.6906603212373588,0.6787626412849495,master_dataset/kaggle/malicious/malicious_390626.png,malicious
146.3860797144557,126.09348116781939,255,0.1631885782272457,126.09348116781939,0.9841143,0.42593694229625223,0.5740630577037478,0.7419689117878497,11722.293872694825,0.6644854253420583,0.6918500892325996,master_dataset/kaggle/malicious/malicious_389529.png,malicious
150.02676977989293,125.49420163212204,255,0.16433075550267698,125.49420163212204,0.9773638,0.4116597263533611,0.5883402736466389,0.6996966631773317,11835.246281975014,0.6573468173706127,0.6490184414039263,master_dataset/kaggle/malicious/malicious_367552.png,malicious
154.04309715120525,124.70651143232931,255,0.1610226442658875,124.70651143232931,0.9685074,0.39590942293645,0.6040905770635501,0.6553808946919931,11642.752373995618,0.6683710737764792,0.6712929145361578,master_dataset/kaggle/malicious/malicious_382912.png,malicious
151.24033313503867,125.27029409495846,255,0.16471148126115406,125.27029409495846,0.97484434,0.40690065437239736,0.5930993456276026,0.6860581744078973,11914.158239143368,0.6597263533610946,0.6395002974419988,master_dataset/kaggle/malicious/malicious_365176.png,malicious
150.63355145746579,125.38376608223562,255,0.16818560380725758,125.38376608223562,0.97612095,0.4092801903628792,0.5907198096371208,0.6928499495302436,12152.441403926234,0.6502082093991671,0.6466389054134444,master_dataset/kaggle/malicious/malicious_414148.png,malicious
149.26829268292684,125.62798825767463,255,0.16647233789411064,125.62798825767463,0.9788698,0.4146341463414634,0.5853658536585366,0.7083333332123264,11991.522903033909,0.6311719214753123,0.6728138013087448,master_dataset/kaggle/malicious/malicious_403027.png,malicious
148.81320642474716,125.70599521063471,255,0.16880428316478288,125.70599521063473,0.97974825,0.4164187983343248,0.5835812016656752,0.7135575941692671,12254.56276026175,0.6775728732897085,0.6609161213563355,master_dataset/kaggle/malicious/malicious_367089.png,malicious
147.90303390838787,125.85692753016488,255,0.164854253420583,125.8569275301649,0.9814483,0.4199881023200476,0.5800118976799524,0.7241025639777213,11855.361094586555,0.65377751338489,0.6811421772754312,master_dataset/kaggle/benign/benign_32766.png,benign
147.29625223081499,125.95379469318877,255,0.16542534205829862,125.95379469318875,0.9825399,0.4223676383105294,0.5776323616894705,0.731204943230777,11889.401546698395,0.6644854253420583,0.6668649613325401,master_dataset/kaggle/benign/benign_52795.png,benign
146.99286139202854,126.00110457750426,255,0.1678524687685901,126.00110457750425,0.983073,0.4235574063057704,0.5764425936942297,0.7347781216475581,12123.042831647828,0.6644854253420583,0.65377751338489,master_dataset/kaggle/benign/benign_22218.png,benign
146.3860797144557,126.09348116781939,255,0.16680547293277811,126.09348116781939,0.9841143,0.42593694229625223,0.5740630577037478,0.7419689117878497,12056.509220701962,0.6644854253420583,0.6740035693039858,master_dataset/kaggle/benign/benign_87179.png,benign
147.29625223081499,125.95379469318878,255,0.16818560380725758,125.95379469318878,0.9825399,0.4223676383105294,0.5776323616894705,0.731204943230777,12101.380725758478,0.6585365853658537,0.6668649613325401,master_dataset/kaggle/benign/benign_96139.png,benign
149.1165972635336,125.65417908985832,255,0.17161213563355146,125.65417908985832,0.9791647,0.41522903033908387,0.5847709696609161,0.7100712104584304,12505.224271267103,0.6561570493753718,0.6454491374182034,master_dataset/kaggle/benign/benign_9892.png,benign
148.50981558596075,125.75705804861978,255,0.16609161213563356,125.75705804861978,0.9803234,0.4176085663295657,0.5823914336704342,0.7170582225530772,11988.428316478286,0.6490184414039263,0.6549672813801308,master_dataset/kaggle/malicious/malicious_329058.png,malicious
145.7792980368828,126.18287230555032,255,0.16701963117192148,126.18287230555033,0.98512214,0.4283164782867341,0.5716835217132659,0.7492195628242,12036.394408090422,0.6704342653182629,0.6775728732897085,master_dataset/kaggle/benign/benign_20453.png,benign
146.99286139202854,126.00110457750425,255,0.16304580606781677,126.00110457750425,0.983073,0.4235574063057704,0.5764425936942297,0.7347781216475581,11699.084473527662,0.6478286734086853,0.6168947055324212,master_dataset/kaggle/malicious/malicious_395543.png,malicious
152.75728732897085,124.97327489020127,255,0.17299226650803093,124.97327489020127,0.9715047,0.40095181439619276,0.5990481856038072,0.6693147963132952,12599.609161213564,0.6502082093991671,0.6621058893515764,master_dataset/kaggle/malicious/malicious_321418.png,malicious
150.17846519928614,125.46687696840453,255,0.16892325996430696,125.46687696840452,0.97705626,0.41106484235574065,0.5889351576442594,0.6979797978612824,12279.319452706723,0.6644854253420583,0.702558001189768,master_dataset/kaggle/benign/benign_9660.png,benign
149.1165972635336,125.65417908985833,255,0.1696133254015467,125.65417908985835,0.9791647,0.41522903033908387,0.5847709696609161,0.7100712104584304,12277.77215942891,0.6656751933372992,0.6561570493753718,master_dataset/kaggle/benign/benign_2613.png,benign
149.7233789411065,125.54828325564623,255,0.16989886972040452,125.54828325564624,0.9779725,0.412849494348602,0.5871505056513979,0.7031408306806506,12300.981558596073,0.6668649613325401,0.6597263533610946,master_dataset/kaggle/malicious/malicious_397096.png,malicious
145.47590719809637,126.22645032007132,255,0.16747174301011303,126.22645032007132,0.9856136,0.42950624628197503,0.570493753718025,0.7528675702538509,12119.948245092208,0.6632956573468174,0.6549672813801308,master_dataset/kaggle/benign/benign_70946.png,benign
152.36669101533965,125.05158006977611,255,0.16154857560262967,125.05158006977611,0.97238487,0.4024835646457268,0.5975164353542732,0.6735941319166076,11524.956902848795,0.6669101533966398,0.6610664718772827,master_dataset/kaggle/benign/benign_66685.png,benign
150.33016061867934,125.43936290545045,255,0.16623438429506246,125.43936290545044,0.97674656,0.41046995835812017,0.5895300416418798,0.6962663974600986,12016.279595478882,0.6573468173706127,0.6454491374182034,master_dataset/kaggle/benign/benign_47648.png,benign
152.75728732897085,124.97327489020127,255,0.16430696014277216,124.97327489020127,0.9715047,0.40095181439619276,0.5990481856038072,0.6693147963132952,11824.41522903034,0.6490184414039263,0.6573468173706127,master_dataset/kaggle/malicious/malicious_385381.png,malicious
144.56573468173707,126.35272335716613,255,0.16944675788221297,126.35272335716611,0.9870378,0.4330755502676978,0.5669244497323022,0.7639034626144678,12239.08982748364,0.6644854253420583,0.6585365853658537,master_dataset/kaggle/benign/benign_75732.png,benign
152.90898274836408,124.94252116750862,255,0.1680904223676383,124.94252116750862,0.9711591,0.4003569303985723,0.5996430696014278,0.6676587300473874,12164.819750148721,0.6668649613325401,0.6823319452706722,master_dataset/kaggle/benign/benign_5454.png,benign
150.50401753104455,125.40759617117057,255,0.16388604821037253,125.40759617117057,0.97638917,0.4097881665449233,0.5902118334550767,0.6943069305754324,11802.346238130021,0.672753834915997,0.6859021183345507,master_dataset/kaggle/benign/benign_978.png,benign
144.8691255205235,126.31137509603914,255,0.1656632956573468,126.31137509603916,0.98657143,0.4318857822724569,0.5681142177275431,0.7602094239499569,11942.009518143961,0.6478286734086853,0.6430696014277216,master_dataset/kaggle/malicious/malicious_338769.png,malicious
147.29625223081499,125.95379469318878,255,0.1675669244497323,125.95379469318878,0.9825399,0.4223676383105294,0.5776323616894705,0.731204943230777,12065.792980368828,0.6549672813801308,0.6383105294467579,master_dataset/kaggle/malicious/malicious_346814.png,malicious
150.93694229625223,125.3274101535739,255,0.16966091612135634,125.3274101535739,0.9754869,0.4080904223676383,0.5919095776323617,0.689447236064426,12321.096371207614,0.6716240333135038,0.6585365853658537,master_dataset/kaggle/malicious/malicious_357492.png,malicious
150.33016061867934,125.43936290545044,255,0.1691136228435455,125.43936290545044,0.97674656,0.41046995835812017,0.5895300416418798,0.6962663974600986,12231.353361094587,0.6478286734086853,0.6406900654372397,master_dataset/kaggle/malicious/malicious_381265.png,malicious
146.08268887566925,126.13854951659339,255,0.16530636525877454,126.13854951659339,0.98462236,0.4271267102914932,0.5728732897085068,0.7455867080733821,11929.631171921475,0.6632956573468174,0.6585365853658537,master_dataset/kaggle/malicious/malicious_358156.png,malicious
150.02676977989293,125.49420163212204,255,0.1692325996430696,125.49420163212204,0.9773638,0.4116597263533611,0.5883402736466389,0.6996966631773317,12305.623438429506,0.65377751338489,0.6573468173706127,master_dataset/kaggle/benign/benign_23211.png,benign
150.02676977989293,125.49420163212203,255,0.1620226055919096,125.49420163212203,0.9773638,0.4116597263533611,0.5883402736466389,0.6996966631773317,11578.395597858418,0.6621058893515764,0.6811421772754312,master_dataset/kaggle/malicious/malicious_377996.png,malicious
148.81320642474716,125.7059952106347,255,0.16492563950029746,125.7059952106347,0.97974825,0.4164187983343248,0.5835812016656752,0.7135575941692671,11890.948839976205,0.6644854253420583,0.6311719214753123,master_dataset/kaggle/malicious/malicious_383310.png,malicious
146.99286139202854,126.00110457750426,255,0.16497323022010707,126.00110457750425,0.983073,0.4235574063057704,0.5764425936942297,0.7347781216475581,11853.813801308745,0.6644854253420583,0.6621058893515764,master_dataset/kaggle/benign/benign_97179.png,benign
150.33016061867934,125.43936290545047,255,0.16513979773944082,125.43936290545047,0.97674656,0.41046995835812017,0.5895300416418798,0.6962663974600986,11861.5502676978,0.6656751933372992,0.6668649613325401,master_dataset/kaggle/benign/benign_55882.png,benign
142.74538964901845,126.5852601784647,255,0.16899464604402142,126.5852601784647,0.98966193,0.4402141582391434,0.5597858417608567,0.7863974493813035,12209.691255205234,0.6466389054134444,0.685901249256395,master_dataset/kaggle/benign/benign_75318.png,benign
149.1165972635336,125.65417908985833,255,0.16849494348602023,125.65417908985835,0.9791647,0.41522903033908387,0.5847709696609161,0.7100712104584304,12149.346817370613,0.6347412254610351,0.6502082093991671,master_dataset/kaggle/benign/benign_90167.png,benign
152.18042366691014,125.08847543887416,255,0.16619430241051864,125.08847543887414,0.97279966,0.40321402483564645,0.5967859751643535,0.6756425947460276,12096.834915997078,0.6800584368151936,0.6844411979547115,master_dataset/kaggle/malicious/malicious_386430.png,malicious
152.4538964901844,125.03420751921117,255,0.16518738845925043,125.03420751921117,0.97218955,0.40214158239143366,0.5978584176085663,0.6726368158078904,11921.89470553242,0.652587745389649,0.6180844735276622,master_dataset/kaggle/benign/benign_99781.png,benign
148.50981558596075,125.75705804861977,255,0.16387864366448543,125.75705804861975,0.9803234,0.4176085663295657,0.5823914336704342,0.7170582225530772,11825.96252230815,0.652587745389649,0.6490184414039263,master_dataset/kaggle/malicious/malicious_335636.png,malicious
149.41998810232005,125.60160875400501,255,0.1689708506841166,125.601608754005,0.97857285,0.414039262343843,0.5859607376561571,0.7065989846509855,12191.123735871504,0.65377751338489,0.6882807852468769,master_dataset/kaggle/malicious/malicious_328755.png,malicious
147.90303390838787,125.85692753016488,255,0.16706722189173112,125.8569275301649,0.9814483,0.4199881023200476,0.5800118976799524,0.7241025639777213,12071.982153480072,0.6406900654372397,0.6383105294467579,master_dataset/kaggle/benign/benign_41313.png,benign
149.1165972635336,125.65417908985835,255,0.16671029149315883,125.65417908985835,0.9791647,0.41522903033908387,0.5847709696609161,0.7100712104584304,12019.374182034504,0.6632956573468174,0.6478286734086853,master_dataset/kaggle/benign/benign_16522.png,benign
151.5437239738251,125.21241686618188,255,0.166162998215348,125.21241686618187,0.97419333,0.40571088637715647,0.5942891136228435,0.6826826825678088,12053.414634146342,0.6478286734086853,0.6454491374182034,master_dataset/kaggle/benign/benign_74466.png,benign
150.02676977989293,125.49420163212201,255,0.16956573468173705,125.49420163212203,0.9773638,0.4116597263533611,0.5883402736466389,0.6996966631773317,12291.697798929208,0.6668649613325401,0.6383105294467579,master_dataset/kaggle/benign/benign_11029.png,benign
146.08268887566925,126.13854951659339,255,0.16516359309934564,126.13854951659339,0.98462236,0.4271267102914932,0.5728732897085068,0.7455867080733821,11940.46222486615,0.6478286734086853,0.6632956573468174,master_dataset/kaggle/benign/benign_11610.png,benign
148.2064247471743,125.80736852104334,255,0.16228435455086257,125.80736852104333,0.9808901,0.4187983343248067,0.5812016656751934,0.7205731830899402,11686.706127305175,0.6728138013087448,0.6668649613325401,master_dataset/kaggle/benign/benign_13750.png,benign
147.59964306960143,125.90573596335722,255,0.17042236763831053,125.90573596335723,0.9819983,0.4211778703152885,0.5788221296847115,0.7276464541394477,12420.123140987507,0.6656751933372992,0.7096966091612136,master_dataset/kaggle/benign/benign_95734.png,benign
149.41998810232005,125.60160875400499,255,0.16559190957763237,125.60160875400499,0.97857285,0.414039262343843,0.5859607376561571,0.7065989846509855,11892.496133254015,0.6656751933372992,0.6680547293277811,master_dataset/kaggle/benign/benign_27862.png,benign
150.93694229625223,125.32741015357391,255,0.16356930398572278,125.32741015357391,0.9754869,0.4080904223676383,0.5919095776323617,0.689447236064426,11691.348007138607,0.6680547293277811,0.6597263533610946,master_dataset/kaggle/malicious/malicious_352647.png,malicious
150.02676977989293,125.49420163212203,255,0.16521118381915526,125.49420163212203,0.9773638,0.4116597263533611,0.5883402736466389,0.6996966631773317,11949.745984533016,0.6490184414039263,0.6406900654372397,master_dataset/kaggle/benign/benign_92044.png,benign
149.41998810232005,125.60160875400501,255,0.17177870315288518,125.601608754005,0.97857285,0.414039262343843,0.5859607376561571,0.7065989846509855,12500.58239143367,0.6740035693039858,0.6561570493753718,master_dataset/kaggle/benign/benign_69044.png,benign
149.1165972635336,125.65417908985832,255,0.1639976204640095,125.65417908985832,0.9791647,0.41522903033908387,0.5847709696609161,0.7100712104584304,11812.036882807852,0.669244497323022,0.6763831052944675,master_dataset/kaggle/malicious/malicious_411728.png,malicious
147.90303390838787,125.8569275301649,255,0.16725758477096966,125.8569275301649,0.9814483,0.4199881023200476,0.5800118976799524,0.7241025639777213,12071.982153480072,0.6502082093991671,0.6490184414039263,master_dataset/kaggle/malicious/malicious_387051.png,malicious
148.2064247471743,125.80736852104333,255,0.16580606781677573,125.80736852104333,0.9808901,0.4187983343248067,0.5812016656751934,0.7205731830899402,11969.860797144556,0.6632956573468174,0.669244497323022,master_dataset/kaggle/malicious/malicious_378021.png,malicious
148.2064247471743,125.80736852104334,255,0.16992266508030934,125.80736852104333,0.9808901,0.4187983343248067,0.5812016656751934,0.7205731830899402,12310.265318262938,0.6870910172516359,0.652587745389649,master_dataset/kaggle/benign/benign_36540.png,benign
149.1165972635336,125.65417908985835,255,0.1656632956573468,125.65417908985835,0.9791647,0.41522903033908387,0.5847709696609161,0.7100712104584304,11894.043426531825,0.6573468173706127,0.637120761451517,master_dataset/kaggle/benign/benign_34503.png,benign
147.90303390838787,125.85692753016487,255,0.16873289708506842,125.85692753016487,0.9814483,0.4199881023200476,0.5800118976799524,0.7241025639777213,12254.56276026175,0.6395002974419988,0.6716240333135038,master_dataset/kaggle/benign/benign_43997.png,benign
150.02676977989293,125.49420163212203,255,0.16763831052944675,125.49420163212203,0.9773638,0.4116597263533611,0.5883402736466389,0.6996966631773317,12048.77275431291,0.6442593694229625,0.6835217132659132,master_dataset/kaggle/benign/benign_67935.png,benign
153.1117604090577,124.90111179949129,255,0.1637399561723886,124.90111179949129,0.97069365,0.3995617238860482,0.6004382761139518,0.6654501215436738,11790.946676406136,0.6362308254200146,0.6698319941563184,master_dataset/kaggle/malicious/malicious_362493.png,malicious
153.66745984533017,124.78587277910522,255,0.1618084473527662,124.78587277910522,0.96939886,0.39738251041046996,0.60261748958953,0.65942744312848,11607.794170136824,0.6561570493753718,0.6942296252230815,master_dataset/kaggle/malicious/malicious_409514.png,malicious
147.59964306960143,125.90573596335722,255,0.1703747769185009,125.90573596335723,0.9819983,0.4211778703152885,0.5788221296847115,0.7276464541394477,12393.819155264724,0.6668649613325401,0.6240333135038667,master_dataset/kaggle/malicious/malicious_378005.png,malicious
150.33016061867934,125.43936290545045,255,0.16594883997620463,125.43936290545044,0.97674656,0.41046995835812017,0.5895300416418798,0.6962663974600986,12020.921475312314,0.6656751933372992,0.6644854253420583,master_dataset/kaggle/malicious/malicious_318556.png,malicious
149.8750743604997,125.52133702029352,255,0.16299821534800712,125.52133702029352,0.97766924,0.41225461035098154,0.5877453896490185,0.7014170039292427,11722.293872694825,0.6716240333135038,0.6668649613325401,master_dataset/kaggle/benign/benign_67770.png,benign
147.29625223081499,125.95379469318878,255,0.1658774538964902,125.95379469318878,0.9825399,0.4223676383105294,0.5776323616894705,0.731204943230777,11945.104104699583,0.6835217132659132,0.6751933372992267,master_dataset/kaggle/benign/benign_90548.png,benign
149.41998810232005,125.60160875400499,255,0.1697323022010708,125.60160875400499,0.97857285,0.414039262343843,0.5859607376561571,0.7065989846509855,12253.015466983938,0.6668649613325401,0.6454491374182034,master_dataset/kaggle/benign/benign_34252.png,benign
144.26234384295063,126.39332984335326,255,0.16542534205829862,126.39332984335324,0.98749596,0.43426531826293874,0.5657346817370613,0.76761303877073,11923.441998810233,0.6406900654372397,0.6513979773944081,master_dataset/kaggle/benign/benign_35136.png,benign
144.56573468173707,126.35272335716614,255,0.16323616894705534,126.35272335716614,0.9870378,0.4330755502676978,0.5669244497323022,0.7639034626144678,11736.219512195123,0.6656751933372992,0.6751933372992267,master_dataset/kaggle/benign/benign_72066.png,benign
151.24033313503867,125.27029409495844,255,0.16323616894705534,125.27029409495844,0.97484434,0.40690065437239736,0.5930993456276026,0.6860581744078973,11781.091017251636,0.6716240333135038,0.6775728732897085,master_dataset/kaggle/benign/benign_16298.png,benign
147.59964306960143,125.90573596335722,255,0.1639738251041047,125.90573596335723,0.9819983,0.4211778703152885,0.5788221296847115,0.7276464541394477,11853.813801308745,0.6728138013087448,0.6763831052944675,master_dataset/kaggle/benign/benign_53803.png,benign
149.41998810232005,125.601608754005,255,0.16749553837001785,125.601608754005,0.97857285,0.414039262343843,0.5859607376561571,0.7065989846509855,12096.738845925045,0.6704342653182629,0.6704342653182629,master_dataset/kaggle/benign/benign_19080.png,benign
150.02676977989293,125.49420163212204,255,0.1646162998215348,125.49420163212204,0.9773638,0.4116597263533611,0.5883402736466389,0.6996966631773317,11894.043426531825,0.6775728732897085,0.6597263533610946,master_dataset/kaggle/malicious/malicious_333316.png,malicious
151.99881023200476,125.12417151460471,255,0.16235574063057703,125.12417151460471,0.97320104,0.40392623438429504,0.5960737656157049,0.6776447104651576,11713.01011302796,0.6811421772754312,0.652587745389649,master_dataset/kaggle/malicious/malicious_346410.png,malicious
146.68947055324213,126.04766645950355,255,0.1678048780487805,126.04766645950355,0.9835979,0.4247471743010113,0.5752528256989887,0.7383660805334856,12107.56989886972,0.6621058893515764,0.6870910172516359,master_dataset/kaggle/benign/benign_4429.png,benign
152.75728732897085,124.97327489020127,255,0.16673408685306365,124.97327489020127,0.9715047,0.40095181439619276,0.5990481856038072,0.6693147963132952,12082.813206424747,0.6466389054134444,0.6240333135038667,master_dataset/kaggle/malicious/malicious_373194.png,malicious
152.15050565139796,125.09437465821713,255,0.1638548483045806,125.09437465821713,0.972866,0.4033313503866746,0.5966686496133254,0.6759720836354627,11842.98274836407,0.6490184414039263,0.6656751933372992,master_dataset/kaggle/benign/benign_61046.png,benign
152.92549306062818,124.93916240564423,255,0.1612563915266618,124.93916240564424,0.97112125,0.40029218407596784,0.5997078159240321,0.667478684419759,11517.357195032871,0.6712929145361578,0.6932067202337473,master_dataset/kaggle/benign/benign_24587.png,benign
149.7233789411065,125.54828325564625,255,0.16825698988697205,125.54828325564625,0.9779725,0.412849494348602,0.5871505056513979,0.7031408306806506,12197.312908982749,0.6644854253420583,0.6680547293277811,master_dataset/kaggle/benign/benign_34353.png,benign
155.90577063550037,124.29546329051331,255,0.16350620891161433,124.2954632905133,0.9638933,0.38860482103725347,0.6113951789627465,0.6356033451768052,11832.745069393719,0.6552227903579255,0.6742147552958364,master_dataset/kaggle/malicious/malicious_387698.png,malicious
148.2064247471743,125.80736852104334,255,0.16932778108268887,125.80736852104333,0.9808901,0.4187983343248067,0.5812016656751934,0.7205731830899402,12279.319452706723,0.6644854253420583,0.6763831052944675,master_dataset/kaggle/benign/benign_2071.png,benign
149.7233789411065,125.54828325564624,255,0.16625817965496728,125.54828325564624,0.9779725,0.412849494348602,0.5871505056513979,0.7031408306806506,11985.333729922666,0.6561570493753718,0.6573468173706127,master_dataset/kaggle/malicious/malicious_393662.png,malicious
146.08268887566925,126.13854951659337,255,0.16680547293277811,126.13854951659339,0.98462236,0.4271267102914932,0.5728732897085068,0.7455867080733821,12016.279595478882,0.6704342653182629,0.6442593694229625,master_dataset/kaggle/benign/benign_50752.png,benign
149.7233789411065,125.54828325564625,255,0.1623319452706722,125.54828325564625,0.9779725,0.412849494348602,0.5871505056513979,0.7031408306806506,11678.969660916122,0.6383105294467579,0.6847114812611541,master_dataset/kaggle/benign/benign_64009.png,benign
152.4538964901844,125.03420751921117,255,0.16540154669839383,125.03420751921117,0.97218955,0.40214158239143366,0.5978584176085663,0.6726368158078904,11873.928613920285,0.6621058893515764,0.6406900654372397,master_dataset/kaggle/malicious/malicious_359542.png,malicious
150.33016061867934,125.43936290545044,255,0.16782867340868532,125.43936290545044,0.97674656,0.41046995835812017,0.5895300416418798,0.6962663974600986,12085.907792980368,0.6442593694229625,0.6442593694229625,master_dataset/kaggle/malicious/malicious_363609.png,malicious
152.75728732897085,124.97327489020127,255,0.16635336109458657,124.97327489020127,0.9715047,0.40095181439619276,0.5990481856038072,0.6693147963132952,12081.265913146937,0.6561570493753718,0.6406900654372397,master_dataset/kaggle/malicious/malicious_396004.png,malicious
150.33016061867934,125.43936290545045,255,0.17073170731707318,125.43936290545044,0.97674656,0.41046995835812017,0.5895300416418798,0.6962663974600986,12410.839381320642,0.6799524092801904,0.6478286734086853,master_dataset/kaggle/malicious/malicious_415481.png,malicious
147.90303390838787,125.8569275301649,255,0.17135038667459845,125.8569275301649,0.9814483,0.4199881023200476,0.5800118976799524,0.7241025639777213,12458.805472932778,0.6728138013087448,0.6287923854848304,master_dataset/kaggle/benign/benign_70401.png,benign
146.68947055324213,126.04766645950355,255,0.16109458655562164,126.04766645950355,0.9835979,0.4247471743010113,0.5752528256989887,0.7383660805334856,11592.321237358716,0.6668649613325401,0.6763831052944675,master_dataset/kaggle/malicious/malicious_408923.png,malicious
148.2064247471743,125.80736852104333,255,0.1639976204640095,125.80736852104333,0.9808901,0.4187983343248067,0.5812016656751934,0.7205731830899402,11861.5502676978,0.6597263533610946,0.6597263533610946,master_dataset/kaggle/benign/benign_13685.png,benign
150.78524687685902,125.35568306975048,255,0.16606781677572874,125.35568306975047,0.97580504,0.4086853063652588,0.5913146936347412,0.6911468811708433,12008.543129089827,0.6478286734086853,0.6823319452706722,master_dataset/kaggle/benign/benign_9416.png,benign
153.66745984533017,124.78587277910522,255,0.16606781677572874,124.78587277910522,0.96939886,0.39738251041046996,0.60261748958953,0.65942744312848,12028.657941701369,0.652587745389649,0.6430696014277216,master_dataset/kaggle/malicious/malicious_357978.png,malicious
146.99286139202854,126.00110457750425,255,0.1693753718024985,126.00110457750425,0.983073,0.4235574063057704,0.5764425936942297,0.7347781216475581,12265.393813206425,0.6585365853658537,0.6490184414039263,master_dataset/kaggle/benign/benign_71406.png,benign
147.59964306960143,125.90573596335722,255,0.1639738251041047,125.90573596335723,0.9819983,0.4211778703152885,0.5788221296847115,0.7276464541394477,11807.39500297442,0.6513979773944081,0.6775728732897085,master_dataset/kaggle/benign/benign_72962.png,benign
146.3860797144557,126.09348116781939,255,0.16856632956573467,126.09348116781939,0.9841143,0.42593694229625223,0.5740630577037478,0.7419689117878497,12206.596668649614,0.6252230814991077,0.6751933372992267,master_dataset/kaggle/benign/benign_75740.png,benign
148.2064247471743,125.80736852104334,255,0.16421177870315287,125.80736852104333,0.9808901,0.4187983343248067,0.5812016656751934,0.7205731830899402,11784.185603807258,0.669244497323022,0.6264128494943486,master_dataset/kaggle/malicious/malicious_343400.png,malicious
144.26234384295063,126.39332984335327,255,0.1659250446162998,126.39332984335327,0.98749596,0.43426531826293874,0.5657346817370613,0.76761303877073,12039.488994646044,0.6811421772754312,0.6644854253420583,master_dataset/kaggle/benign/benign_23186.png,benign
150.02676977989293,125.49420163212203,255,0.16687685901249255,125.49420163212203,0.9773638,0.4116597263533611,0.5883402736466389,0.6996966631773317,12058.056513979775,0.6644854253420583,0.6478286734086853,master_dataset/kaggle/benign/benign_41853.png,benign
150.93694229625223,125.32741015357392,255,0.1666627007733492,125.32741015357392,0.9754869,0.4080904223676383,0.5919095776323617,0.689447236064426,12042.583581201665,0.6418798334324807,0.6573468173706127,master_dataset/kaggle/malicious/malicious_399690.png,malicious
148.26880934989043,125.797084855683,255,0.16575602629656683,125.797084855683,0.98077416,0.4185536888239591,0.581446311176041,0.7198492461073525,11961.940102264427,0.6815193571950329,0.6347699050401753,master_dataset/kaggle/malicious/malicious_370346.png,malicious
146.99286139202854,126.00110457750425,255,0.16856632956573467,126.00110457750425,0.983073,0.4235574063057704,0.5764425936942297,0.7347781216475581,12127.68471148126,0.65377751338489,0.6882807852468769,master_dataset/kaggle/benign/benign_66153.png,benign
150.78524687685902,125.35568306975047,255,0.16430696014277216,125.35568306975047,0.97580504,0.4086853063652588,0.5913146936347412,0.6911468811708433,11898.685306365258,0.6430696014277216,0.6966091612135633,master_dataset/kaggle/benign/benign_6094.png,benign
145.17251635930992,126.26928433126531,255,0.1615466983938132,126.2692843312653,0.9860966,0.43069601427721593,0.5693039857227841,0.7565308253634557,11631.003569303986,0.6573468173706127,0.685901249256395,master_dataset/kaggle/malicious/malicious_350672.png,malicious
146.08268887566925,126.13854951659339,255,0.16444973230220106,126.13854951659339,0.98462236,0.4271267102914932,0.5728732897085068,0.7455867080733821,11810.489589530041,0.6478286734086853,0.6466389054134444,master_dataset/kaggle/benign/benign_14292.png,benign
153.1117604090577,124.90111179949128,255,0.16151935719503288,124.90111179949128,0.97069365,0.3995617238860482,0.6004382761139518,0.6654501215436738,11656.051862673485,0.6712929145361578,0.6756756756756757,master_dataset/kaggle/malicious/malicious_387507.png,malicious
151.24033313503867,125.27029409495847,255,0.16656751933372993,125.27029409495849,0.97484434,0.40690065437239736,0.5930993456276026,0.6860581744078973,11955.935157644259,0.6454491374182034,0.6573468173706127,master_dataset/kaggle/benign/benign_43681.png,benign
150.02676977989293,125.49420163212204,255,0.16804283164782868,125.49420163212204,0.9773638,0.4116597263533611,0.5883402736466389,0.6996966631773317,12132.326591314693,0.6383105294467579,0.637120761451517,master_dataset/kaggle/malicious/malicious_377012.png,malicious
150.33016061867934,125.43936290545045,255,0.16904223676383107,125.43936290545044,0.97674656,0.41046995835812017,0.5895300416418798,0.6962663974600986,12271.582986317668,0.6490184414039263,0.6740035693039858,master_dataset/kaggle/benign/benign_19787.png,benign
150.93694229625223,125.32741015357391,255,0.16723378941106484,125.32741015357391,0.9754869,0.4080904223676383,0.5919095776323617,0.689447236064426,12084.360499702558,0.6490184414039263,0.6609161213563355,master_dataset/kaggle/malicious/malicious_318292.png,malicious
153.97085068411658,124.7218668239824,255,0.1678524687685901,124.7218668239824,0.96867985,0.396192742415229,0.6038072575847709,0.6561576353593103,12155.535990481856,0.6561570493753718,0.652587745389649,master_dataset/kaggle/malicious/malicious_322200.png,malicious
144.56573468173707,126.35272335716613,255,0.16928019036287925,126.35272335716611,0.9870378,0.4330755502676978,0.5669244497323022,0.7639034626144678,12251.468173706127,0.6716240333135038,0.6466389054134444,master_dataset/kaggle/benign/benign_57562.png,benign
151.24033313503867,125.27029409495846,255,0.16682926829268294,125.27029409495846,0.97484434,0.40690065437239736,0.5930993456276026,0.6860581744078973,12058.056513979775,0.6418798334324807,0.6466389054134444,master_dataset/kaggle/benign/benign_90953.png,benign
147.59964306960143,125.90573596335722,255,0.16544913741820344,125.90573596335723,0.9819983,0.4211778703152885,0.5788221296847115,0.7276464541394477,11991.522903033909,0.6395002974419988,0.6609161213563355,master_dataset/kaggle/benign/benign_20701.png,benign
150.93694229625223,125.32741015357391,255,0.16414039262343844,125.32741015357391,0.9754869,0.4080904223676383,0.5919095776323617,0.689447236064426,11805.847709696609,0.6632956573468174,0.6418798334324807,master_dataset/kaggle/malicious/malicious_332729.png,malicious
149.41998810232005,125.60160875400501,255,0.17163593099345628,125.601608754005,0.97857285,0.414039262343843,0.5859607376561571,0.7065989846509855,12423.21772754313,0.6395002974419988,0.6656751933372992,master_dataset/kaggle/benign/benign_2596.png,benign
151.5437239738251,125.21241686618187,255,0.16516359309934564,125.21241686618187,0.97419333,0.40571088637715647,0.5942891136228435,0.6826826825678088,11917.252825698988,0.669244497323022,0.6597263533610946,master_dataset/kaggle/malicious/malicious_385706.png,malicious
151.84711481261155,125.15377741123721,255,0.16880428316478288,125.15377741123721,0.97353387,0.4045211183819155,0.5954788816180845,0.6793206792065996,12245.279000594885,0.6751933372992267,0.6716240333135038,master_dataset/kaggle/malicious/malicious_349274.png,malicious
147.90303390838787,125.85692753016487,255,0.16632956573468174,125.85692753016487,0.9814483,0.4199881023200476,0.5800118976799524,0.7241025639777213,11996.164782867341,0.6502082093991671,0.6335514574657942,master_dataset/kaggle/malicious/malicious_358121.png,malicious
151.08863771564546,125.29894720515422,255,0.16839976204640095,125.29894720515422,0.9751667,0.40749553837001784,0.5925044616299822,0.687751003899989,12215.880428316479,0.6597263533610946,0.7049375371802499,master_dataset/kaggle/benign/benign_4777.png,benign
147.90303390838787,125.8569275301649,255,0.165901249256395,125.8569275301649,0.9814483,0.4199881023200476,0.5800118976799524,0.7241025639777213,11983.786436644854,0.6395002974419988,0.6276026174895896,master_dataset/kaggle/malicious/malicious_337001.png,malicious
147.59964306960143,125.90573596335723,255,0.1669244497323022,125.90573596335723,0.9819983,0.4211778703152885,0.5788221296847115,0.7276464541394477,12078.171326591315,0.6763831052944675,0.6609161213563355,master_dataset/kaggle/malicious/malicious_318503.png,malicious
146.3860797144557,126.09348116781939,255,0.16214158239143367,126.09348116781939,0.9841143,0.42593694229625223,0.5740630577037478,0.7419689117878497,11646.476502082094,0.6418798334324807,0.6966091612135633,master_dataset/kaggle/malicious/malicious_406249.png,malicious
153.0606781677573,124.91157565095531,255,0.1656157049375372,124.9115756509553,0.97081125,0.3997620464009518,0.6002379535990482,0.666005946370708,11912.610945865556,0.6787626412849495,0.6311719214753123,master_dataset/kaggle/benign/benign_58762.png,benign
171.55222790357925,119.64803055934986,255,0.12157779401022645,119.64803055934986,0.91208804,0.32724616508400295,0.672753834915997,0.486427795801746,8570.570489408326,0.7837837837837838,0.7706355003652301,master_dataset/mendeley/malicious/qr_428_malicious_images.png,malicious
151.99881023200476,125.12417151460471,255,0.1703985722784057,125.12417151460471,0.97320104,0.40392623438429504,0.5960737656157049,0.6776447104651576,12400.008328375967,0.6597263533610946,0.6799524092801904,master_dataset/kaggle/benign/benign_6812.png,benign
150.02676977989293,125.49420163212203,255,0.16992266508030934,125.49420163212203,0.9773638,0.4116597263533611,0.5883402736466389,0.6996966631773317,12299.434265318263,0.6656751933372992,0.7085068411659726,master_dataset/kaggle/benign/benign_1714.png,benign
150.33016061867934,125.43936290545045,255,0.16559190957763237,125.43936290545044,0.97674656,0.41046995835812017,0.5895300416418798,0.6962663974600986,11983.786436644854,0.6632956573468174,0.6644854253420583,master_dataset/kaggle/benign/benign_61022.png,benign
147.90303390838787,125.8569275301649,255,0.16963712076145152,125.8569275301649,0.9814483,0.4199881023200476,0.5800118976799524,0.7241025639777213,12259.204640095182,0.6621058893515764,0.6668649613325401,master_dataset/kaggle/benign/benign_67723.png,benign
151.39202855443187,125.24145069246927,255,0.16906603212373586,125.24145069246929,0.97451997,0.40630577037477694,0.5936942296252231,0.684368737359677,12262.299226650803,0.6478286734086853,0.6966091612135633,master_dataset/kaggle/benign/benign_3687.png,benign
149.94521548575602,125.50881364190316,255,0.15614317019722426,125.50881364190316,0.9775282,0.41197954711468227,0.5880204528853178,0.7006211178932732,11086.073776479181,0.6742147552958364,0.6800584368151936,master_dataset/kaggle/malicious/malicious_391595.png,malicious
153.1117604090577,124.90111179949128,255,0.16067202337472608,124.90111179949128,0.97069365,0.3995617238860482,0.6004382761139518,0.6654501215436738,11542.056245434624,0.662527392257122,0.6712929145361578,master_dataset/kaggle/malicious/malicious_375663.png,malicious
145.7792980368828,126.1828723055503,255,0.16599643069601427,126.1828723055503,0.98512214,0.4283164782867341,0.5716835217132659,0.7492195628242,12051.86734086853,0.652587745389649,0.6680547293277811,master_dataset/kaggle/benign/benign_10586.png,benign
149.7233789411065,125.54828325564625,255,0.1679476502082094,125.54828325564625,0.9779725,0.412849494348602,0.5871505056513979,0.7031408306806506,12135.421177870316,0.6799524092801904,0.669244497323022,master_dataset/kaggle/malicious/malicious_398489.png,malicious
153.0606781677573,124.91157565095533,255,0.16706722189173112,124.91157565095533,0.97081125,0.3997620464009518,0.6002379535990482,0.666005946370708,12102.928019036288,0.6442593694229625,0.6585365853658537,master_dataset/kaggle/malicious/malicious_324245.png,malicious
146.99286139202854,126.00110457750425,255,0.17368233194527066,126.00110457750425,0.983073,0.4235574063057704,0.5764425936942297,0.7347781216475581,12596.514574657942,0.6395002974419988,0.6252230814991077,master_dataset/kaggle/benign/benign_84722.png,benign
155.639500297442,124.35601522648699,255,0.16494943486020225,124.35601522648699,0.96457267,0.3896490184414039,0.6103509815585961,0.6384015593495952,11971.408090422368,0.6621058893515764,0.6775728732897085,master_dataset/kaggle/benign/benign_8211.png,benign
151.24033313503867,125.27029409495846,255,0.1656632956573468,125.27029409495846,0.97484434,0.40690065437239736,0.5930993456276026,0.6860581744078973,11976.0499702558,0.6549672813801308,0.6430696014277216,master_dataset/kaggle/benign/benign_58753.png,benign
149.1165972635336,125.65417908985833,255,0.1639500297441999,125.65417908985835,0.9791647,0.41522903033908387,0.5847709696609161,0.7100712104584304,11774.901844140393,0.6835217132659132,0.6728138013087448,master_dataset/kaggle/benign/benign_16768.png,benign
149.7233789411065,125.54828325564624,255,0.16882807852468767,125.54828325564624,0.9779725,0.412849494348602,0.5871505056513979,0.7031408306806506,12246.826293872695,0.6632956573468174,0.6585365853658537,master_dataset/kaggle/benign/benign_43576.png,benign
147.90303390838787,125.8569275301649,255,0.1673051754907793,125.8569275301649,0.9814483,0.4199881023200476,0.5800118976799524,0.7241025639777213,12081.265913146937,0.6811421772754312,0.6751933372992267,master_dataset/kaggle/malicious/malicious_318328.png,malicious
149.7233789411065,125.54828325564625,255,0.1623319452706722,125.54828325564625,0.9779725,0.412849494348602,0.5871505056513979,0.7031408306806506,11615.530636525877,0.6621058893515764,0.6406900654372397,master_dataset/kaggle/malicious/malicious_395910.png,malicious
147.59964306960143,125.90573596335723,255,0.16866151100535395,125.90573596335723,0.9819983,0.4211778703152885,0.5788221296847115,0.7276464541394477,12214.333135038667,0.6585365853658537,0.6561570493753718,master_dataset/kaggle/benign/benign_45601.png,benign
150.50401753104455,125.40759617117058,255,0.16449963476990503,125.4075961711706,0.97638917,0.4097881665449233,0.5902118334550767,0.6943069305754324,11830.845142439737,0.6552227903579255,0.647918188458729,master_dataset/kaggle/malicious/malicious_385956.png,malicious
158.1409788166545,123.76340499985176,255,0.16736303871439007,123.76340499985174,0.9579284,0.3798392987582177,0.6201607012417824,0.6124852766974686,12188.031409788167,0.6815193571950329,0.6654492330168006,master_dataset/kaggle/malicious/malicious_387290.png,malicious
150.93694229625223,125.32741015357391,255,0.16759071980963713,125.32741015357391,0.9754869,0.4080904223676383,0.5919095776323617,0.689447236064426,12064.245687091017,0.652587745389649,0.6632956573468174,master_dataset/kaggle/benign/benign_89802.png,benign
152.55295836376916,125.01439627988148,255,0.16502556610664718,125.0143962798815,0.9719669,0.40175310445580714,0.5982468955441929,0.6715506714384184,11923.941563184806,0.6756756756756757,0.672753834915997,master_dataset/kaggle/malicious/malicious_370436.png,malicious
149.1165972635336,125.65417908985833,255,0.16185603807257584,125.65417908985835,0.9791647,0.41522903033908387,0.5847709696609161,0.7100712104584304,11683.611540749554,0.6680547293277811,0.6704342653182629,master_dataset/kaggle/malicious/malicious_405242.png,malicious
145.7792980368828,126.18287230555032,255,0.16057108863771566,126.18287230555033,0.98512214,0.4283164782867341,0.5716835217132659,0.7492195628242,11615.530636525877,0.6704342653182629,0.6811421772754312,master_dataset/kaggle/malicious/malicious_366766.png,malicious
152.4538964901844,125.03420751921117,255,0.1661392028554432,125.03420751921117,0.97218955,0.40214158239143366,0.5978584176085663,0.6726368158078904,11994.61748958953,0.6656751933372992,0.6442593694229625,master_dataset/kaggle/benign/benign_73457.png,benign
147.59964306960143,125.90573596335723,255,0.1684473527662106,125.90573596335723,0.9819983,0.4211778703152885,0.5788221296847115,0.7276464541394477,12140.063057703748,0.6466389054134444,0.6632956573468174,master_dataset/kaggle/benign/benign_78815.png,benign
149.7233789411065,125.54828325564624,255,0.16145151695419394,125.54828325564624,0.9779725,0.412849494348602,0.5871505056513979,0.7031408306806506,11635.645449137419,0.6573468173706127,0.6787626412849495,master_dataset/kaggle/benign/benign_11731.png,benign
